#
# There is insufficient memory for the Java Runtime Environment to continue.
# Native memory allocation (mmap) failed to map 591396864 bytes. Error detail: committing reserved memory.
# Possible reasons:
#   The system is out of physical RAM or swap space
#   This process is running with CompressedOops enabled, and the Java Heap may be blocking the growth of the native heap
# Possible solutions:
#   Reduce memory load on the system
#   Increase physical memory or swap space
#   Check if swap backing store is full
#   Decrease Java heap size (-Xmx/-Xms)
#   Decrease number of Java threads
#   Decrease Java thread stack sizes (-Xss)
#   Set larger code cache with -XX:ReservedCodeCacheSize=
#   JVM is running with Unscaled Compressed Oops mode in which the Java heap is
#     placed in the first 4GB address space. The Java Heap base address is the
#     maximum limit for the native heap growth. Please use -XX:HeapBaseMinAddress
#     to set the Java Heap base and to place the Java Heap above 4GB virtual address.
# This output file may be truncated or incomplete.
#
#  Out of Memory Error (os_linux.cpp:2832), pid=3466, tid=3478
#
# JRE version: OpenJDK Runtime Environment (17.0.16+8) (build 17.0.16+8-Debian-1deb12u1)
# Java VM: OpenJDK 64-Bit Server VM (17.0.16+8-Debian-1deb12u1, mixed mode, sharing, tiered, compressed oops, compressed class ptrs, g1 gc, linux-amd64)
# No core dump will be written. Core dumps have been disabled. To enable core dumping, try "ulimit -c unlimited" before starting Java again
#

---------------  S U M M A R Y ------------

Command Line: --add-opens=java.base/java.lang=ALL-UNNAMED --add-opens=java.base/java.lang.invoke=ALL-UNNAMED --add-opens=java.base/java.util=ALL-UNNAMED --add-opens=java.prefs/java.util.prefs=ALL-UNNAMED --add-exports=jdk.compiler/com.sun.tools.javac.api=ALL-UNNAMED --add-exports=jdk.compiler/com.sun.tools.javac.util=ALL-UNNAMED --add-opens=java.base/java.util=ALL-UNNAMED --add-opens=java.prefs/java.util.prefs=ALL-UNNAMED --add-opens=java.base/java.nio.charset=ALL-UNNAMED --add-opens=java.base/java.net=ALL-UNNAMED --add-opens=java.base/java.util.concurrent.atomic=ALL-UNNAMED --add-opens=java.xml/javax.xml.namespace=ALL-UNNAMED -Xmx2048m -Dfile.encoding=UTF-8 -Duser.country -Duser.language=en -Duser.variant -javaagent:/root/.gradle/wrapper/dists/gradle-8.13-all/54h0s9kvb6g2sinako7ub77ku/gradle-8.13/lib/agents/gradle-instrumentation-agent-8.13.jar org.gradle.launcher.daemon.bootstrap.GradleDaemon 8.13

Host: Intel(R) Xeon(R) Processor @ 2.50GHz, 2 cores, 2G, Debian GNU/Linux 12 (bookworm)
Time: Tue Aug 18 14:09:23 2026 UTC elapsed time: 30.181558 seconds (0d 0h 0m 30s)

---------------  T H R E A D  ---------------

Current thread (0x00007ff0b80d30f0):  VMThread "VM Thread" [stack: 0x00007ff09cdf6000,0x00007ff09cef6000] [id=3478]

Stack: [0x00007ff09cdf6000,0x00007ff09cef6000],  sp=0x00007ff09cef3d70,  free space=1015k
Native frames: (J=compiled Java code, j=interpreted, Vv=VM code, C=native code)
V  [libjvm.so+0xf21441]  VMError::report_and_die(int, char const*, char const*, __va_list_tag*, Thread*, unsigned char*, void*, void*, char const*, int, unsigned long)+0x171
V  [libjvm.so+0xf21fad]  VMError::report_and_die(Thread*, char const*, int, unsigned long, VMErrorType, char const*, __va_list_tag*)+0x2d
V  [libjvm.so+0x602fcc]  report_vm_out_of_memory(char const*, int, unsigned long, VMErrorType, char const*, ...)+0xdc
V  [libjvm.so+0xc29a4b]  os::pd_commit_memory_or_exit(char*, unsigned long, unsigned long, bool, char const*)+0xeb
V  [libjvm.so+0xc2395b]  os::commit_memory_or_exit(char*, unsigned long, unsigned long, bool, char const*)+0x1b
V  [libjvm.so+0x732af6]  G1PageBasedVirtualSpace::commit(unsigned long, unsigned long)+0x66
V  [libjvm.so+0x746a70]  G1RegionsLargerThanCommitSizeMapper::commit_regions(unsigned int, unsigned long, WorkGang*)+0x110
V  [libjvm.so+0x7da028]  HeapRegionManager::commit_regions(unsigned int, unsigned long, WorkGang*)+0x88
V  [libjvm.so+0x7dbe6b]  HeapRegionManager::expand(unsigned int, unsigned int, WorkGang*)+0x2b
V  [libjvm.so+0x7dc087]  HeapRegionManager::expand_by(unsigned int, WorkGang*)+0x77
V  [libjvm.so+0x6eb548]  G1CollectedHeap::expand(unsigned long, WorkGang*, double*)+0xe8
V  [libjvm.so+0x6ef189]  G1CollectedHeap::do_collection_pause_at_safepoint_helper(double)+0x8a9
V  [libjvm.so+0x6ef1ef]  G1CollectedHeap::do_collection_pause_at_safepoint(double)+0x2f
V  [libjvm.so+0x76b0d7]  VM_G1CollectForAllocation::doit()+0x47
V  [libjvm.so+0xf26945]  VM_Operation::evaluate()+0xe5
V  [libjvm.so+0xf28235]  VMThread::evaluate_operation(VM_Operation*)+0x105
V  [libjvm.so+0xf287af]  VMThread::inner_execute(VM_Operation*)+0x28f
V  [libjvm.so+0xf289bf]  VMThread::run()+0xbf
V  [libjvm.so+0xea3585]  Thread::call_run()+0xa5
V  [libjvm.so+0xc2c1f3]  thread_native_entry(Thread*)+0xe3

VM_Operation (0x00007ff08d6f33d0): G1CollectForAllocation, mode: safepoint, requested by thread 0x00007ff03400cc00


---------------  P R O C E S S  ---------------

Threads class SMR info:
_java_thread_list=0x000055fc0b7a4480, length=43, elements={
0x00007ff0b801ac90, 0x00007ff0b80d71b0, 0x00007ff0b80d8590, 0x00007ff0b80df3c0,
0x00007ff0b80e0770, 0x00007ff0b80e1b80, 0x00007ff0b80e3530, 0x00007ff0b80e4a60,
0x00007ff0b80e5ed0, 0x00007ff0b80f1210, 0x00007ff0b81e8080, 0x00007ff0b937f340,
0x00007ff0b93ed7f0, 0x00007ff0b941db00, 0x00007ff02c017130, 0x00007ff034002150,
0x00007ff034007370, 0x00007ff03400cc00, 0x00007ff0800037e0, 0x00007ff08000af40,
0x00007ff08000c990, 0x00007ff0801bfa40, 0x00007ff0801c72a0, 0x00007ff0801dc320,
0x00007ff08048eb70, 0x00007ff0804b1ad0, 0x00007ff0805fa7a0, 0x00007ff08084d600,
0x00007ff080c73c30, 0x00007ff080c82db0, 0x00007ff080de3930, 0x00007ff080dfb830,
0x00007ff080ffd6d0, 0x00007ff08136f8d0, 0x00007ff081382f00, 0x00007ff08138bf00,
0x00007ff081748d00, 0x00007ff08185e310, 0x00007ff08244be30, 0x00007ff08268d030,
0x000055fc0b7a00a0, 0x000055fc0b7a1c40, 0x000055fc0b7a34e0
}

Java Threads: ( => current thread )
  0x00007ff0b801ac90 JavaThread "main" [_thread_blocked, id=3467, stack(0x00007ff0bd343000,0x00007ff0bd443000)]
  0x00007ff0b80d71b0 JavaThread "Reference Handler" daemon [_thread_blocked, id=3479, stack(0x00007ff09ccf5000,0x00007ff09cdf5000)]
  0x00007ff0b80d8590 JavaThread "Finalizer" daemon [_thread_blocked, id=3480, stack(0x00007ff09cbf4000,0x00007ff09ccf4000)]
  0x00007ff0b80df3c0 JavaThread "Signal Dispatcher" daemon [_thread_blocked, id=3481, stack(0x00007ff09ca9c000,0x00007ff09cb9c000)]
  0x00007ff0b80e0770 JavaThread "Service Thread" daemon [_thread_blocked, id=3482, stack(0x00007ff09c99b000,0x00007ff09ca9b000)]
  0x00007ff0b80e1b80 JavaThread "Monitor Deflation Thread" daemon [_thread_blocked, id=3483, stack(0x00007ff09c89a000,0x00007ff09c99a000)]
  0x00007ff0b80e3530 JavaThread "C2 CompilerThread0" daemon [_thread_blocked, id=3484, stack(0x00007ff09c799000,0x00007ff09c899000)]
  0x00007ff0b80e4a60 JavaThread "C1 CompilerThread0" daemon [_thread_blocked, id=3485, stack(0x00007ff09c698000,0x00007ff09c798000)]
  0x00007ff0b80e5ed0 JavaThread "Sweeper thread" daemon [_thread_blocked, id=3486, stack(0x00007ff09c597000,0x00007ff09c697000)]
  0x00007ff0b80f1210 JavaThread "Common-Cleaner" daemon [_thread_blocked, id=3487, stack(0x00007ff09c496000,0x00007ff09c596000)]
  0x00007ff0b81e8080 JavaThread "Notification Thread" daemon [_thread_blocked, id=3488, stack(0x00007ff09c37d000,0x00007ff09c47d000)]
  0x00007ff0b937f340 JavaThread "Daemon health stats" [_thread_blocked, id=3495, stack(0x00007ff08df00000,0x00007ff08e000000)]
  0x00007ff0b93ed7f0 JavaThread "Incoming local TCP Connector on port 36379" [_thread_in_native, id=3497, stack(0x00007ff08db00000,0x00007ff08dc00000)]
  0x00007ff0b941db00 JavaThread "Daemon periodic checks" [_thread_blocked, id=3498, stack(0x00007ff08d9ff000,0x00007ff08daff000)]
  0x00007ff02c017130 JavaThread "Daemon" [_thread_blocked, id=3499, stack(0x00007ff08d8fe000,0x00007ff08d9fe000)]
  0x00007ff034002150 JavaThread "Handler for socket connection from /127.0.0.1:36379 to /127.0.0.1:35932" [_thread_in_native, id=3500, stack(0x00007ff08d7fd000,0x00007ff08d8fd000)]
  0x00007ff034007370 JavaThread "Cancel handler" [_thread_blocked, id=3501, stack(0x00007ff08d6fc000,0x00007ff08d7fc000)]
  0x00007ff03400cc00 JavaThread "Daemon worker" [_thread_blocked, id=3502, stack(0x00007ff08d5fb000,0x00007ff08d6fb000)]
  0x00007ff0800037e0 JavaThread "Asynchronous log dispatcher for DefaultDaemonConnection: socket connection from /127.0.0.1:36379 to /127.0.0.1:35932" [_thread_blocked, id=3503, stack(0x00007ff08d4fa000,0x00007ff08d5fa000)]
  0x00007ff08000af40 JavaThread "Stdin handler" [_thread_blocked, id=3504, stack(0x00007ff08d3f9000,0x00007ff08d4f9000)]
  0x00007ff08000c990 JavaThread "Daemon client event forwarder" [_thread_blocked, id=3505, stack(0x00007ff08d2f8000,0x00007ff08d3f8000)]
  0x00007ff0801bfa40 JavaThread "Cache worker for journal cache (/root/.gradle/caches/journal-1)" [_thread_blocked, id=3507, stack(0x00007ff08d1f7000,0x00007ff08d2f7000)]
  0x00007ff0801c72a0 JavaThread "File lock request listener" [_thread_in_native, id=3508, stack(0x00007ff08d0f6000,0x00007ff08d1f6000)]
  0x00007ff0801dc320 JavaThread "Cache worker for file hash cache (/root/.gradle/caches/8.13/fileHashes)" [_thread_blocked, id=3510, stack(0x00007ff08cff5000,0x00007ff08d0f5000)]
  0x00007ff08048eb70 JavaThread "Cache worker for file hash cache (/workspace/.gradle/8.13/fileHashes)" [_thread_blocked, id=3513, stack(0x00007ff08cef4000,0x00007ff08cff4000)]
  0x00007ff0804b1ad0 JavaThread "Cache worker for checksums cache (/workspace/.gradle/8.13/checksums)" [_thread_blocked, id=3514, stack(0x00007ff08cdf3000,0x00007ff08cef3000)]
  0x00007ff0805fa7a0 JavaThread "Cache worker for Build Output Cleanup Cache (/workspace/.gradle/buildOutputCleanup)" [_thread_blocked, id=3515, stack(0x00007ff08caec000,0x00007ff08cbec000)]
  0x00007ff08084d600 JavaThread "Cache worker for file content cache (/root/.gradle/caches/8.13/fileContent)" [_thread_blocked, id=3518, stack(0x00007ff08ccf2000,0x00007ff08cdf2000)]
  0x00007ff080c73c30 JavaThread "jar transforms" [_thread_blocked, id=3524, stack(0x00007ff08cbf1000,0x00007ff08ccf1000)]
  0x00007ff080c82db0 JavaThread "jar transforms Thread 2" [_thread_blocked, id=3525, stack(0x00007ff08c9eb000,0x00007ff08caeb000)]
  0x00007ff080de3930 JavaThread "Cache worker for cache directory md-supplier (/root/.gradle/caches/8.13/md-supplier)" [_thread_blocked, id=3528, stack(0x00007ff08c8ea000,0x00007ff08c9ea000)]
  0x00007ff080dfb830 JavaThread "Cache worker for cache directory md-rule (/root/.gradle/caches/8.13/md-rule)" [_thread_blocked, id=3529, stack(0x00007ff08c7e9000,0x00007ff08c8e9000)]
  0x00007ff080ffd6d0 JavaThread "Problems report writer" [_thread_blocked, id=3531, stack(0x00007ff08c453000,0x00007ff08c553000)]
  0x00007ff08136f8d0 JavaThread "Unconstrained build operations" [_thread_blocked, id=3539, stack(0x00007ff08c6e8000,0x00007ff08c7e8000)]
  0x00007ff081382f00 JavaThread "Unconstrained build operations Thread 2" [_thread_blocked, id=3540, stack(0x00007ff08c5e7000,0x00007ff08c6e7000)]
  0x00007ff08138bf00 JavaThread "Unconstrained build operations Thread 3" [_thread_blocked, id=3543, stack(0x00007ff08c352000,0x00007ff08c452000)]
  0x00007ff081748d00 JavaThread "Configuration cache report writer" [_thread_blocked, id=3549, stack(0x00007ff08c251000,0x00007ff08c351000)]
  0x00007ff08185e310 JavaThread "Memory manager" [_thread_blocked, id=3552, stack(0x00007ff08c150000,0x00007ff08c250000)]
  0x00007ff08244be30 JavaThread "build event listener" [_thread_blocked, id=3559, stack(0x00007ff08c04f000,0x00007ff08c14f000)]
  0x00007ff08268d030 JavaThread "Exec process" [_thread_blocked, id=3563, stack(0x00007ff03ef00000,0x00007ff03f000000)]
  0x000055fc0b7a00a0 JavaThread "process reaper" daemon [_thread_blocked, id=3565, stack(0x00007ff09c0a0000,0x00007ff09c0c2000)]
  0x000055fc0b7a1c40 JavaThread "Exec process Thread 2" [_thread_blocked, id=3566, stack(0x00007ff03edff000,0x00007ff03eeff000)]
  0x000055fc0b7a34e0 JavaThread "Exec process Thread 3" [_thread_blocked, id=3567, stack(0x00007ff03ecfe000,0x00007ff03edfe000)]

Other Threads:
=>0x00007ff0b80d30f0 VMThread "VM Thread" [stack: 0x00007ff09cdf6000,0x00007ff09cef6000] [id=3478]
  0x00007ff0b801d050 WatcherThread [stack: 0x00007ff09c27c000,0x00007ff09c37c000] [id=3489]
  0x00007ff0b80759a0 GCTaskThread "GC Thread#0" [stack: 0x00007ff0bc1d8000,0x00007ff0bc2d8000] [id=3470]
  0x00007ff038004990 GCTaskThread "GC Thread#1" [stack: 0x00007ff09c17b000,0x00007ff09c27b000] [id=3490]
  0x00007ff0b8086f80 ConcurrentGCThread "G1 Main Marker" [stack: 0x00007ff0bc0d7000,0x00007ff0bc1d7000] [id=3472]
  0x00007ff0b8087ef0 ConcurrentGCThread "G1 Conc#0" [stack: 0x00007ff09d44d000,0x00007ff09d54d000] [id=3473]
  0x00007ff0b80a6b20 ConcurrentGCThread "G1 Refine#0" [stack: 0x00007ff09d14a000,0x00007ff09d24a000] [id=3474]
  0x00007ff0b80a7a20 ConcurrentGCThread "G1 Service" [stack: 0x00007ff09d049000,0x00007ff09d149000] [id=3476]

Threads with active compile tasks:
C2 CompilerThread0    30191 12154       4       org.gradle.internal.instantiation.generator.ParamsMatchingConstructorSelector::forParams (481 bytes)

VM state: at safepoint (normal execution)

VM Mutex/Monitor currently owned by a thread:  ([mutex/lock_event])
[0x00007ff0b8017a80] Threads_lock - owner thread: 0x00007ff0b80d30f0
[0x00007ff0b8018230] Heap_lock - owner thread: 0x00007ff03400cc00

Heap address: 0x0000000080000000, size: 2048 MB, Compressed Oops mode: 32-bit

CDS archive(s) mapped at: [0x00007ff03f000000-0x00007ff03fbca000-0x00007ff03fbca000), size 12361728, SharedBaseAddress: 0x00007ff03f000000, ArchiveRelocationMode: 1.
Compressed class space mapped at: 0x00007ff040000000-0x00007ff080000000, reserved size: 1073741824
Narrow klass base: 0x00007ff03f000000, Narrow klass shift: 0, Narrow klass range: 0x100000000

GC Precious Log:
 CPUs: 2 total, 2 available
 Memory: 2048M
 Large Page Support: Disabled
 NUMA Support: Disabled
 Compressed Oops: Enabled (32-bit)
 Heap Region Size: 1M
 Heap Min Capacity: 8M
 Heap Initial Capacity: 32M
 Heap Max Capacity: 2G
 Pre-touch: Disabled
 Parallel Workers: 2
 Concurrent Workers: 1
 Concurrent Refinement Workers: 2
 Periodic GC: Disabled

Heap:
 garbage-first heap   total 313344K, used 103742K [0x0000000080000000, 0x0000000100000000)
  region size 1024K, 12 young (12288K), 12 survivors (12288K)
 Metaspace       used 88437K, committed 89152K, reserved 1179648K
  class space    used 12192K, committed 12480K, reserved 1048576K

Heap Regions: E=young(eden), S=young(survivor), O=old, HS=humongous(starts), HC=humongous(continues), CS=collection set, F=free, OA=open archive, CA=closed archive, TAMS=top-at-mark-start (previous, next)
|   0|0x0000000080000000, 0x0000000080100000, 0x0000000080100000|100%| O|  |TAMS 0x0000000080100000, 0x0000000080100000| Untracked 
|   1|0x0000000080100000, 0x0000000080200000, 0x0000000080200000|100%|HS|  |TAMS 0x0000000080200000, 0x0000000080200000| Complete 
|   2|0x0000000080200000, 0x0000000080300000, 0x0000000080300000|100%|HC|  |TAMS 0x0000000080300000, 0x0000000080300000| Complete 
|   3|0x0000000080300000, 0x0000000080400000, 0x0000000080400000|100%|HC|  |TAMS 0x0000000080400000, 0x0000000080400000| Complete 
|   4|0x0000000080400000, 0x0000000080500000, 0x0000000080500000|100%| O|  |TAMS 0x0000000080500000, 0x0000000080500000| Untracked 
|   5|0x0000000080500000, 0x0000000080600000, 0x0000000080600000|100%| O|  |TAMS 0x0000000080600000, 0x0000000080600000| Untracked 
|   6|0x0000000080600000, 0x0000000080700000, 0x0000000080700000|100%| O|  |TAMS 0x0000000080700000, 0x0000000080700000| Untracked 
|   7|0x0000000080700000, 0x0000000080800000, 0x0000000080800000|100%| O|  |TAMS 0x0000000080800000, 0x0000000080800000| Untracked 
|   8|0x0000000080800000, 0x0000000080900000, 0x0000000080900000|100%| O|  |TAMS 0x0000000080900000, 0x0000000080900000| Untracked 
|   9|0x0000000080900000, 0x0000000080a00000, 0x0000000080a00000|100%| O|  |TAMS 0x0000000080a00000, 0x0000000080a00000| Untracked 
|  10|0x0000000080a00000, 0x0000000080b00000, 0x0000000080b00000|100%| O|  |TAMS 0x0000000080b00000, 0x0000000080b00000| Untracked 
|  11|0x0000000080b00000, 0x0000000080c00000, 0x0000000080c00000|100%|HS|  |TAMS 0x0000000080c00000, 0x0000000080c00000| Complete 
|  12|0x0000000080c00000, 0x0000000080d00000, 0x0000000080d00000|100%| O|  |TAMS 0x0000000080d00000, 0x0000000080d00000| Untracked 
|  13|0x0000000080d00000, 0x0000000080e00000, 0x0000000080e00000|100%| O|  |TAMS 0x0000000080e00000, 0x0000000080e00000| Untracked 
|  14|0x0000000080e00000, 0x0000000080f00000, 0x0000000080f00000|100%| O|  |TAMS 0x0000000080f00000, 0x0000000080f00000| Untracked 
|  15|0x0000000080f00000, 0x0000000081000000, 0x0000000081000000|100%| O|  |TAMS 0x0000000081000000, 0x0000000081000000| Untracked 
|  16|0x0000000081000000, 0x0000000081100000, 0x0000000081100000|100%| O|  |TAMS 0x0000000081100000, 0x0000000081100000| Untracked 
|  17|0x0000000081100000, 0x0000000081200000, 0x0000000081200000|100%| O|  |TAMS 0x0000000081200000, 0x0000000081200000| Untracked 
|  18|0x0000000081200000, 0x0000000081300000, 0x0000000081300000|100%| O|  |TAMS 0x0000000081300000, 0x0000000081300000| Untracked 
|  19|0x0000000081300000, 0x0000000081400000, 0x0000000081400000|100%| O|  |TAMS 0x0000000081400000, 0x0000000081400000| Untracked 
|  20|0x0000000081400000, 0x0000000081500000, 0x0000000081500000|100%| O|  |TAMS 0x0000000081500000, 0x0000000081500000| Untracked 
|  21|0x0000000081500000, 0x0000000081600000, 0x0000000081600000|100%| O|  |TAMS 0x0000000081600000, 0x0000000081600000| Untracked 
|  22|0x0000000081600000, 0x0000000081700000, 0x0000000081700000|100%| O|  |TAMS 0x0000000081700000, 0x0000000081700000| Untracked 
|  23|0x0000000081700000, 0x0000000081800000, 0x0000000081800000|100%| O|  |TAMS 0x0000000081800000, 0x0000000081800000| Untracked 
|  24|0x0000000081800000, 0x0000000081900000, 0x0000000081900000|100%| O|  |TAMS 0x0000000081900000, 0x0000000081900000| Untracked 
|  25|0x0000000081900000, 0x0000000081a00000, 0x0000000081a00000|100%| O|  |TAMS 0x0000000081a00000, 0x0000000081a00000| Untracked 
|  26|0x0000000081a00000, 0x0000000081b00000, 0x0000000081b00000|100%| O|  |TAMS 0x0000000081b00000, 0x0000000081b00000| Untracked 
|  27|0x0000000081b00000, 0x0000000081c00000, 0x0000000081c00000|100%| O|  |TAMS 0x0000000081c00000, 0x0000000081c00000| Untracked 
|  28|0x0000000081c00000, 0x0000000081d00000, 0x0000000081d00000|100%| O|  |TAMS 0x0000000081d00000, 0x0000000081d00000| Untracked 
|  29|0x0000000081d00000, 0x0000000081e00000, 0x0000000081e00000|100%| O|  |TAMS 0x0000000081e00000, 0x0000000081e00000| Untracked 
|  30|0x0000000081e00000, 0x0000000081f00000, 0x0000000081f00000|100%| O|  |TAMS 0x0000000081f00000, 0x0000000081f00000| Untracked 
|  31|0x0000000081f00000, 0x0000000082000000, 0x0000000082000000|100%| O|  |TAMS 0x0000000082000000, 0x0000000082000000| Untracked 
|  32|0x0000000082000000, 0x0000000082100000, 0x0000000082100000|100%| O|  |TAMS 0x0000000082100000, 0x0000000082100000| Untracked 
|  33|0x0000000082100000, 0x0000000082200000, 0x0000000082200000|100%| O|  |TAMS 0x0000000082200000, 0x0000000082200000| Untracked 
|  34|0x0000000082200000, 0x0000000082300000, 0x0000000082300000|100%| O|  |TAMS 0x0000000082300000, 0x0000000082300000| Untracked 
|  35|0x0000000082300000, 0x0000000082400000, 0x0000000082400000|100%| O|  |TAMS 0x0000000082400000, 0x0000000082400000| Untracked 
|  36|0x0000000082400000, 0x0000000082500000, 0x0000000082500000|100%| O|  |TAMS 0x0000000082500000, 0x0000000082500000| Untracked 
|  37|0x0000000082500000, 0x0000000082600000, 0x0000000082600000|100%| O|  |TAMS 0x0000000082600000, 0x0000000082600000| Untracked 
|  38|0x0000000082600000, 0x0000000082700000, 0x0000000082700000|100%| O|  |TAMS 0x0000000082700000, 0x0000000082700000| Untracked 
|  39|0x0000000082700000, 0x0000000082800000, 0x0000000082800000|100%|HS|  |TAMS 0x0000000082800000, 0x0000000082800000| Complete 
|  40|0x0000000082800000, 0x0000000082900000, 0x0000000082900000|100%| O|  |TAMS 0x0000000082900000, 0x0000000082900000| Untracked 
|  41|0x0000000082900000, 0x0000000082a00000, 0x0000000082a00000|100%| O|  |TAMS 0x0000000082a00000, 0x0000000082a00000| Untracked 
|  42|0x0000000082a00000, 0x0000000082b00000, 0x0000000082b00000|100%|HS|  |TAMS 0x0000000082b00000, 0x0000000082b00000| Complete 
|  43|0x0000000082b00000, 0x0000000082c00000, 0x0000000082c00000|100%|HC|  |TAMS 0x0000000082c00000, 0x0000000082c00000| Complete 
|  44|0x0000000082c00000, 0x0000000082d00000, 0x0000000082d00000|100%| O|  |TAMS 0x0000000082cf6a00, 0x0000000082d00000| Untracked 
|  45|0x0000000082d00000, 0x0000000082e00000, 0x0000000082e00000|100%|HS|  |TAMS 0x0000000082e00000, 0x0000000082e00000| Complete 
|  46|0x0000000082e00000, 0x0000000082f00000, 0x0000000082f00000|100%|HS|  |TAMS 0x0000000082f00000, 0x0000000082f00000| Complete 
|  47|0x0000000082f00000, 0x0000000083000000, 0x0000000083000000|100%|HS|  |TAMS 0x0000000083000000, 0x0000000083000000| Complete 
|  48|0x0000000083000000, 0x0000000083100000, 0x0000000083100000|100%| O|  |TAMS 0x0000000083000000, 0x0000000083100000| Untracked 
|  49|0x0000000083100000, 0x0000000083200000, 0x0000000083200000|100%|HS|  |TAMS 0x0000000083200000, 0x0000000083200000| Complete 
|  50|0x0000000083200000, 0x0000000083300000, 0x0000000083300000|100%|HC|  |TAMS 0x0000000083300000, 0x0000000083300000| Complete 
|  51|0x0000000083300000, 0x0000000083400000, 0x0000000083400000|100%|HS|  |TAMS 0x0000000083400000, 0x0000000083400000| Complete 
|  52|0x0000000083400000, 0x0000000083500000, 0x0000000083500000|100%|HS|  |TAMS 0x0000000083500000, 0x0000000083500000| Complete 
|  53|0x0000000083500000, 0x0000000083600000, 0x0000000083600000|100%| O|  |TAMS 0x0000000083500000, 0x0000000083600000| Untracked 
|  54|0x0000000083600000, 0x0000000083700000, 0x0000000083700000|100%| O|  |TAMS 0x0000000083600000, 0x0000000083700000| Untracked 
|  55|0x0000000083700000, 0x0000000083800000, 0x0000000083800000|100%| O|  |TAMS 0x0000000083700000, 0x0000000083800000| Untracked 
|  56|0x0000000083800000, 0x0000000083900000, 0x0000000083900000|100%| O|  |TAMS 0x0000000083800000, 0x0000000083900000| Untracked 
|  57|0x0000000083900000, 0x0000000083a00000, 0x0000000083a00000|100%|HS|  |TAMS 0x0000000083a00000, 0x0000000083a00000| Complete 
|  58|0x0000000083a00000, 0x0000000083b00000, 0x0000000083b00000|100%| O|  |TAMS 0x0000000083a00000, 0x0000000083b00000| Untracked 
|  59|0x0000000083b00000, 0x0000000083c00000, 0x0000000083c00000|100%| O|  |TAMS 0x0000000083b00000, 0x0000000083c00000| Untracked 
|  60|0x0000000083c00000, 0x0000000083d00000, 0x0000000083d00000|100%| O|  |TAMS 0x0000000083c00000, 0x0000000083d00000| Untracked 
|  61|0x0000000083d00000, 0x0000000083e00000, 0x0000000083e00000|100%| O|  |TAMS 0x0000000083d00000, 0x0000000083e00000| Untracked 
|  62|0x0000000083e00000, 0x0000000083f00000, 0x0000000083f00000|100%| O|  |TAMS 0x0000000083e00000, 0x0000000083f00000| Untracked 
|  63|0x0000000083f00000, 0x0000000084000000, 0x0000000084000000|100%| O|  |TAMS 0x0000000083f00000, 0x0000000084000000| Untracked 
|  64|0x0000000084000000, 0x0000000084100000, 0x0000000084100000|100%| O|  |TAMS 0x0000000084000000, 0x0000000084100000| Untracked 
|  65|0x0000000084100000, 0x0000000084200000, 0x0000000084200000|100%| O|  |TAMS 0x0000000084100000, 0x0000000084200000| Untracked 
|  66|0x0000000084200000, 0x0000000084300000, 0x0000000084300000|100%| O|  |TAMS 0x0000000084200000, 0x0000000084300000| Untracked 
|  67|0x0000000084300000, 0x0000000084400000, 0x0000000084400000|100%| O|  |TAMS 0x0000000084300000, 0x0000000084400000| Untracked 
|  68|0x0000000084400000, 0x0000000084500000, 0x0000000084500000|100%| O|  |TAMS 0x0000000084400000, 0x0000000084500000| Untracked 
|  69|0x0000000084500000, 0x0000000084600000, 0x0000000084600000|100%| O|  |TAMS 0x0000000084500000, 0x0000000084600000| Untracked 
|  70|0x0000000084600000, 0x0000000084600000, 0x0000000084700000|  0%| F|  |TAMS 0x0000000084600000, 0x0000000084600000| Untracked 
|  71|0x0000000084700000, 0x0000000084800000, 0x0000000084800000|100%| O|  |TAMS 0x0000000084700000, 0x0000000084800000| Untracked 
|  72|0x0000000084800000, 0x0000000084900000, 0x0000000084900000|100%| O|  |TAMS 0x0000000084800000, 0x0000000084900000| Untracked 
|  73|0x0000000084900000, 0x0000000084a00000, 0x0000000084a00000|100%| O|  |TAMS 0x0000000084900000, 0x0000000084a00000| Untracked 
|  74|0x0000000084a00000, 0x0000000084b00000, 0x0000000084b00000|100%| O|  |TAMS 0x0000000084a00000, 0x0000000084b00000| Untracked 
|  75|0x0000000084b00000, 0x0000000084c00000, 0x0000000084c00000|100%| O|  |TAMS 0x0000000084b00000, 0x0000000084c00000| Untracked 
|  76|0x0000000084c00000, 0x0000000084d00000, 0x0000000084d00000|100%| O|  |TAMS 0x0000000084c00000, 0x0000000084d00000| Untracked 
|  77|0x0000000084d00000, 0x0000000084e00000, 0x0000000084e00000|100%| O|  |TAMS 0x0000000084d00000, 0x0000000084e00000| Untracked 
|  78|0x0000000084e00000, 0x0000000084f00000, 0x0000000084f00000|100%| O|  |TAMS 0x0000000084e00000, 0x0000000084f00000| Untracked 
|  79|0x0000000084f00000, 0x0000000085000000, 0x0000000085000000|100%| O|  |TAMS 0x0000000084f00000, 0x0000000085000000| Untracked 
|  80|0x0000000085000000, 0x0000000085100000, 0x0000000085100000|100%| O|  |TAMS 0x0000000085000000, 0x0000000085100000| Untracked 
|  81|0x0000000085100000, 0x0000000085200000, 0x0000000085200000|100%| O|  |TAMS 0x0000000085100000, 0x0000000085200000| Untracked 
|  82|0x0000000085200000, 0x0000000085300000, 0x0000000085300000|100%| O|  |TAMS 0x0000000085200000, 0x0000000085300000| Untracked 
|  83|0x0000000085300000, 0x0000000085400000, 0x0000000085400000|100%| O|  |TAMS 0x0000000085300000, 0x0000000085400000| Untracked 
|  84|0x0000000085400000, 0x0000000085500000, 0x0000000085500000|100%| O|  |TAMS 0x0000000085400000, 0x0000000085500000| Untracked 
|  85|0x0000000085500000, 0x0000000085600000, 0x0000000085600000|100%| O|  |TAMS 0x0000000085500000, 0x0000000085600000| Untracked 
|  86|0x0000000085600000, 0x0000000085700000, 0x0000000085700000|100%| O|  |TAMS 0x0000000085600000, 0x0000000085700000| Untracked 
|  87|0x0000000085700000, 0x0000000085800000, 0x0000000085800000|100%| O|  |TAMS 0x0000000085700000, 0x0000000085800000| Untracked 
|  88|0x0000000085800000, 0x0000000085900000, 0x0000000085900000|100%| O|  |TAMS 0x0000000085800000, 0x0000000085900000| Untracked 
|  89|0x0000000085900000, 0x0000000085a00000, 0x0000000085a00000|100%| O|  |TAMS 0x0000000085900000, 0x0000000085a00000| Untracked 
|  90|0x0000000085a00000, 0x0000000085a00000, 0x0000000085b00000|  0%| F|  |TAMS 0x0000000085a00000, 0x0000000085a00000| Untracked 
|  91|0x0000000085b00000, 0x0000000085b00000, 0x0000000085c00000|  0%| F|  |TAMS 0x0000000085b00000, 0x0000000085b00000| Untracked 
|  92|0x0000000085c00000, 0x0000000085c00000, 0x0000000085d00000|  0%| F|  |TAMS 0x0000000085c00000, 0x0000000085c00000| Untracked 
|  93|0x0000000085d00000, 0x0000000085d00000, 0x0000000085e00000|  0%| F|  |TAMS 0x0000000085d00000, 0x0000000085d00000| Untracked 
|  94|0x0000000085e00000, 0x0000000085e00000, 0x0000000085f00000|  0%| F|  |TAMS 0x0000000085e00000, 0x0000000085e00000| Untracked 
|  95|0x0000000085f00000, 0x0000000085f00000, 0x0000000086000000|  0%| F|  |TAMS 0x0000000085f00000, 0x0000000085f00000| Untracked 
|  96|0x0000000086000000, 0x0000000086000000, 0x0000000086100000|  0%| F|  |TAMS 0x0000000086000000, 0x0000000086000000| Untracked 
|  97|0x0000000086100000, 0x0000000086100000, 0x0000000086200000|  0%| F|  |TAMS 0x0000000086100000, 0x0000000086100000| Untracked 
|  98|0x0000000086200000, 0x0000000086200000, 0x0000000086300000|  0%| F|  |TAMS 0x0000000086200000, 0x0000000086200000| Untracked 
|  99|0x0000000086300000, 0x0000000086300000, 0x0000000086400000|  0%| F|  |TAMS 0x0000000086300000, 0x0000000086300000| Untracked 
| 100|0x0000000086400000, 0x0000000086400000, 0x0000000086500000|  0%| F|  |TAMS 0x0000000086400000, 0x0000000086400000| Untracked 
| 101|0x0000000086500000, 0x0000000086500000, 0x0000000086600000|  0%| F|  |TAMS 0x0000000086500000, 0x0000000086500000| Untracked 
| 102|0x0000000086600000, 0x0000000086600000, 0x0000000086700000|  0%| F|  |TAMS 0x0000000086600000, 0x0000000086600000| Untracked 
| 103|0x0000000086700000, 0x0000000086700000, 0x0000000086800000|  0%| F|  |TAMS 0x0000000086700000, 0x0000000086700000| Untracked 
| 104|0x0000000086800000, 0x0000000086800000, 0x0000000086900000|  0%| F|  |TAMS 0x0000000086800000, 0x0000000086800000| Untracked 
| 105|0x0000000086900000, 0x0000000086900000, 0x0000000086a00000|  0%| F|  |TAMS 0x0000000086900000, 0x0000000086900000| Untracked 
| 106|0x0000000086a00000, 0x0000000086a00000, 0x0000000086b00000|  0%| F|  |TAMS 0x0000000086a00000, 0x0000000086a00000| Untracked 
| 107|0x0000000086b00000, 0x0000000086b00000, 0x0000000086c00000|  0%| F|  |TAMS 0x0000000086b00000, 0x0000000086b00000| Untracked 
| 108|0x0000000086c00000, 0x0000000086c00000, 0x0000000086d00000|  0%| F|  |TAMS 0x0000000086c00000, 0x0000000086c00000| Untracked 
| 109|0x0000000086d00000, 0x0000000086d00000, 0x0000000086e00000|  0%| F|  |TAMS 0x0000000086d00000, 0x0000000086d00000| Untracked 
| 110|0x0000000086e00000, 0x0000000086e00000, 0x0000000086f00000|  0%| F|  |TAMS 0x0000000086e00000, 0x0000000086e00000| Untracked 
| 111|0x0000000086f00000, 0x0000000086f00000, 0x0000000087000000|  0%| F|  |TAMS 0x0000000086f00000, 0x0000000086f00000| Untracked 
| 112|0x0000000087000000, 0x0000000087000000, 0x0000000087100000|  0%| F|  |TAMS 0x0000000087000000, 0x0000000087000000| Untracked 
| 113|0x0000000087100000, 0x0000000087100000, 0x0000000087200000|  0%| F|  |TAMS 0x0000000087100000, 0x0000000087100000| Untracked 
| 114|0x0000000087200000, 0x0000000087200000, 0x0000000087300000|  0%| F|  |TAMS 0x0000000087200000, 0x0000000087200000| Untracked 
| 115|0x0000000087300000, 0x0000000087300000, 0x0000000087400000|  0%| F|  |TAMS 0x0000000087300000, 0x0000000087300000| Untracked 
| 116|0x0000000087400000, 0x0000000087400000, 0x0000000087500000|  0%| F|  |TAMS 0x0000000087400000, 0x0000000087400000| Untracked 
| 117|0x0000000087500000, 0x0000000087500000, 0x0000000087600000|  0%| F|  |TAMS 0x0000000087500000, 0x0000000087500000| Untracked 
| 118|0x0000000087600000, 0x0000000087600000, 0x0000000087700000|  0%| F|  |TAMS 0x0000000087600000, 0x0000000087600000| Untracked 
| 119|0x0000000087700000, 0x0000000087700000, 0x0000000087800000|  0%| F|  |TAMS 0x0000000087700000, 0x0000000087700000| Untracked 
| 120|0x0000000087800000, 0x0000000087800000, 0x0000000087900000|  0%| F|  |TAMS 0x0000000087800000, 0x0000000087800000| Untracked 
| 121|0x0000000087900000, 0x0000000087900000, 0x0000000087a00000|  0%| F|  |TAMS 0x0000000087900000, 0x0000000087900000| Untracked 
| 122|0x0000000087a00000, 0x0000000087a00000, 0x0000000087b00000|  0%| F|  |TAMS 0x0000000087a00000, 0x0000000087a00000| Untracked 
| 123|0x0000000087b00000, 0x0000000087b00000, 0x0000000087c00000|  0%| F|  |TAMS 0x0000000087b00000, 0x0000000087b00000| Untracked 
| 124|0x0000000087c00000, 0x0000000087c00000, 0x0000000087d00000|  0%| F|  |TAMS 0x0000000087c00000, 0x0000000087c00000| Untracked 
| 125|0x0000000087d00000, 0x0000000087d00000, 0x0000000087e00000|  0%| F|  |TAMS 0x0000000087d00000, 0x0000000087d00000| Untracked 
| 126|0x0000000087e00000, 0x0000000087e00000, 0x0000000087f00000|  0%| F|  |TAMS 0x0000000087e00000, 0x0000000087e00000| Untracked 
| 127|0x0000000087f00000, 0x0000000087f00000, 0x0000000088000000|  0%| F|  |TAMS 0x0000000087f00000, 0x0000000087f00000| Untracked 
| 128|0x0000000088000000, 0x0000000088000000, 0x0000000088100000|  0%| F|  |TAMS 0x0000000088000000, 0x0000000088000000| Untracked 
| 129|0x0000000088100000, 0x0000000088100000, 0x0000000088200000|  0%| F|  |TAMS 0x0000000088100000, 0x0000000088100000| Untracked 
| 130|0x0000000088200000, 0x0000000088200000, 0x0000000088300000|  0%| F|  |TAMS 0x0000000088200000, 0x0000000088200000| Untracked 
| 131|0x0000000088300000, 0x0000000088300000, 0x0000000088400000|  0%| F|  |TAMS 0x0000000088300000, 0x0000000088300000| Untracked 
| 132|0x0000000088400000, 0x0000000088400000, 0x0000000088500000|  0%| F|  |TAMS 0x0000000088400000, 0x0000000088400000| Untracked 
| 133|0x0000000088500000, 0x0000000088500000, 0x0000000088600000|  0%| F|  |TAMS 0x0000000088500000, 0x0000000088500000| Untracked 
| 134|0x0000000088600000, 0x0000000088600000, 0x0000000088700000|  0%| F|  |TAMS 0x0000000088600000, 0x0000000088600000| Untracked 
| 135|0x0000000088700000, 0x0000000088700000, 0x0000000088800000|  0%| F|  |TAMS 0x0000000088700000, 0x0000000088700000| Untracked 
| 136|0x0000000088800000, 0x0000000088800000, 0x0000000088900000|  0%| F|  |TAMS 0x0000000088800000, 0x0000000088800000| Untracked 
| 137|0x0000000088900000, 0x0000000088900000, 0x0000000088a00000|  0%| F|  |TAMS 0x0000000088900000, 0x0000000088900000| Untracked 
| 138|0x0000000088a00000, 0x0000000088a00000, 0x0000000088b00000|  0%| F|  |TAMS 0x0000000088a00000, 0x0000000088a00000| Untracked 
| 139|0x0000000088b00000, 0x0000000088b00000, 0x0000000088c00000|  0%| F|  |TAMS 0x0000000088b00000, 0x0000000088b00000| Untracked 
| 140|0x0000000088c00000, 0x0000000088c629e0, 0x0000000088d00000| 38%| S|CS|TAMS 0x0000000088c00000, 0x0000000088c00000| Complete 
| 141|0x0000000088d00000, 0x0000000088e00000, 0x0000000088e00000|100%| S|CS|TAMS 0x0000000088d00000, 0x0000000088d00000| Complete 
| 142|0x0000000088e00000, 0x0000000088f00000, 0x0000000088f00000|100%| S|CS|TAMS 0x0000000088e00000, 0x0000000088e00000| Complete 
| 143|0x0000000088f00000, 0x0000000089000000, 0x0000000089000000|100%| S|CS|TAMS 0x0000000088f00000, 0x0000000088f00000| Complete 
| 144|0x0000000089000000, 0x0000000089100000, 0x0000000089100000|100%| S|CS|TAMS 0x0000000089000000, 0x0000000089000000| Complete 
| 145|0x0000000089100000, 0x0000000089200000, 0x0000000089200000|100%| S|CS|TAMS 0x0000000089100000, 0x0000000089100000| Complete 
| 146|0x0000000089200000, 0x0000000089300000, 0x0000000089300000|100%| S|CS|TAMS 0x0000000089200000, 0x0000000089200000| Complete 
| 147|0x0000000089300000, 0x0000000089400000, 0x0000000089400000|100%| S|CS|TAMS 0x0000000089300000, 0x0000000089300000| Complete 
| 148|0x0000000089400000, 0x0000000089500000, 0x0000000089500000|100%| S|CS|TAMS 0x0000000089400000, 0x0000000089400000| Complete 
| 149|0x0000000089500000, 0x0000000089600000, 0x0000000089600000|100%| S|CS|TAMS 0x0000000089500000, 0x0000000089500000| Complete 
| 150|0x0000000089600000, 0x0000000089700000, 0x0000000089700000|100%| S|CS|TAMS 0x0000000089600000, 0x0000000089600000| Complete 
| 151|0x0000000089700000, 0x0000000089800000, 0x0000000089800000|100%| S|CS|TAMS 0x0000000089700000, 0x0000000089700000| Complete 
| 152|0x0000000089800000, 0x0000000089800000, 0x0000000089900000|  0%| F|  |TAMS 0x0000000089800000, 0x0000000089800000| Untracked 
| 153|0x0000000089900000, 0x0000000089900000, 0x0000000089a00000|  0%| F|  |TAMS 0x0000000089900000, 0x0000000089900000| Untracked 
| 154|0x0000000089a00000, 0x0000000089a00000, 0x0000000089b00000|  0%| F|  |TAMS 0x0000000089a00000, 0x0000000089a00000| Untracked 
| 155|0x0000000089b00000, 0x0000000089b00000, 0x0000000089c00000|  0%| F|  |TAMS 0x0000000089b00000, 0x0000000089b00000| Untracked 
| 156|0x0000000089c00000, 0x0000000089c00000, 0x0000000089d00000|  0%| F|  |TAMS 0x0000000089c00000, 0x0000000089c00000| Untracked 
| 157|0x0000000089d00000, 0x0000000089d00000, 0x0000000089e00000|  0%| F|  |TAMS 0x0000000089d00000, 0x0000000089d00000| Untracked 
| 158|0x0000000089e00000, 0x0000000089e00000, 0x0000000089f00000|  0%| F|  |TAMS 0x0000000089e00000, 0x0000000089e00000| Untracked 
| 159|0x0000000089f00000, 0x0000000089f00000, 0x000000008a000000|  0%| F|  |TAMS 0x0000000089f00000, 0x0000000089f00000| Untracked 
| 160|0x000000008a000000, 0x000000008a000000, 0x000000008a100000|  0%| F|  |TAMS 0x000000008a000000, 0x000000008a000000| Untracked 
| 161|0x000000008a100000, 0x000000008a100000, 0x000000008a200000|  0%| F|  |TAMS 0x000000008a100000, 0x000000008a100000| Untracked 
| 162|0x000000008a200000, 0x000000008a200000, 0x000000008a300000|  0%| F|  |TAMS 0x000000008a200000, 0x000000008a200000| Untracked 
| 163|0x000000008a300000, 0x000000008a300000, 0x000000008a400000|  0%| F|  |TAMS 0x000000008a300000, 0x000000008a300000| Untracked 
| 164|0x000000008a400000, 0x000000008a400000, 0x000000008a500000|  0%| F|  |TAMS 0x000000008a400000, 0x000000008a400000| Untracked 
| 165|0x000000008a500000, 0x000000008a500000, 0x000000008a600000|  0%| F|  |TAMS 0x000000008a500000, 0x000000008a500000| Untracked 
| 166|0x000000008a600000, 0x000000008a600000, 0x000000008a700000|  0%| F|  |TAMS 0x000000008a600000, 0x000000008a600000| Untracked 
| 167|0x000000008a700000, 0x000000008a700000, 0x000000008a800000|  0%| F|  |TAMS 0x000000008a700000, 0x000000008a700000| Untracked 
| 168|0x000000008a800000, 0x000000008a800000, 0x000000008a900000|  0%| F|  |TAMS 0x000000008a800000, 0x000000008a800000| Untracked 
| 169|0x000000008a900000, 0x000000008a900000, 0x000000008aa00000|  0%| F|  |TAMS 0x000000008a900000, 0x000000008a900000| Untracked 
| 170|0x000000008aa00000, 0x000000008aa00000, 0x000000008ab00000|  0%| F|  |TAMS 0x000000008aa00000, 0x000000008aa00000| Untracked 
| 171|0x000000008ab00000, 0x000000008ab00000, 0x000000008ac00000|  0%| F|  |TAMS 0x000000008ab00000, 0x000000008ab00000| Untracked 
| 172|0x000000008ac00000, 0x000000008ac00000, 0x000000008ad00000|  0%| F|  |TAMS 0x000000008ac00000, 0x000000008ac00000| Untracked 
| 173|0x000000008ad00000, 0x000000008ad00000, 0x000000008ae00000|  0%| F|  |TAMS 0x000000008ad00000, 0x000000008ad00000| Untracked 
| 174|0x000000008ae00000, 0x000000008ae00000, 0x000000008af00000|  0%| F|  |TAMS 0x000000008ae00000, 0x000000008ae00000| Untracked 
| 175|0x000000008af00000, 0x000000008af00000, 0x000000008b000000|  0%| F|  |TAMS 0x000000008af00000, 0x000000008af00000| Untracked 
| 176|0x000000008b000000, 0x000000008b000000, 0x000000008b100000|  0%| F|  |TAMS 0x000000008b000000, 0x000000008b000000| Untracked 
| 177|0x000000008b100000, 0x000000008b100000, 0x000000008b200000|  0%| F|  |TAMS 0x000000008b100000, 0x000000008b100000| Untracked 
| 178|0x000000008b200000, 0x000000008b200000, 0x000000008b300000|  0%| F|  |TAMS 0x000000008b200000, 0x000000008b200000| Untracked 
| 179|0x000000008b300000, 0x000000008b300000, 0x000000008b400000|  0%| F|  |TAMS 0x000000008b300000, 0x000000008b300000| Untracked 
| 180|0x000000008b400000, 0x000000008b400000, 0x000000008b500000|  0%| F|  |TAMS 0x000000008b400000, 0x000000008b400000| Untracked 
| 181|0x000000008b500000, 0x000000008b500000, 0x000000008b600000|  0%| F|  |TAMS 0x000000008b500000, 0x000000008b500000| Untracked 
| 182|0x000000008b600000, 0x000000008b600000, 0x000000008b700000|  0%| F|  |TAMS 0x000000008b600000, 0x000000008b600000| Untracked 
| 183|0x000000008b700000, 0x000000008b700000, 0x000000008b800000|  0%| F|  |TAMS 0x000000008b700000, 0x000000008b700000| Untracked 
| 184|0x000000008b800000, 0x000000008b800000, 0x000000008b900000|  0%| F|  |TAMS 0x000000008b800000, 0x000000008b800000| Untracked 
| 185|0x000000008b900000, 0x000000008b900000, 0x000000008ba00000|  0%| F|  |TAMS 0x000000008b900000, 0x000000008b900000| Untracked 
| 186|0x000000008ba00000, 0x000000008ba00000, 0x000000008bb00000|  0%| F|  |TAMS 0x000000008ba00000, 0x000000008ba00000| Untracked 
| 187|0x000000008bb00000, 0x000000008bb00000, 0x000000008bc00000|  0%| F|  |TAMS 0x000000008bb00000, 0x000000008bb00000| Untracked 
| 188|0x000000008bc00000, 0x000000008bc00000, 0x000000008bd00000|  0%| F|  |TAMS 0x000000008bc00000, 0x000000008bc00000| Untracked 
| 189|0x000000008bd00000, 0x000000008bd00000, 0x000000008be00000|  0%| F|  |TAMS 0x000000008bd00000, 0x000000008bd00000| Untracked 
| 190|0x000000008be00000, 0x000000008be00000, 0x000000008bf00000|  0%| F|  |TAMS 0x000000008be00000, 0x000000008be00000| Untracked 
| 191|0x000000008bf00000, 0x000000008bf00000, 0x000000008c000000|  0%| F|  |TAMS 0x000000008bf00000, 0x000000008bf00000| Untracked 
| 192|0x000000008c000000, 0x000000008c000000, 0x000000008c100000|  0%| F|  |TAMS 0x000000008c000000, 0x000000008c000000| Untracked 
| 193|0x000000008c100000, 0x000000008c100000, 0x000000008c200000|  0%| F|  |TAMS 0x000000008c100000, 0x000000008c100000| Untracked 
| 194|0x000000008c200000, 0x000000008c200000, 0x000000008c300000|  0%| F|  |TAMS 0x000000008c200000, 0x000000008c200000| Untracked 
| 195|0x000000008c300000, 0x000000008c300000, 0x000000008c400000|  0%| F|  |TAMS 0x000000008c300000, 0x000000008c300000| Untracked 
| 196|0x000000008c400000, 0x000000008c400000, 0x000000008c500000|  0%| F|  |TAMS 0x000000008c400000, 0x000000008c400000| Untracked 
| 197|0x000000008c500000, 0x000000008c500000, 0x000000008c600000|  0%| F|  |TAMS 0x000000008c500000, 0x000000008c500000| Untracked 
| 198|0x000000008c600000, 0x000000008c600000, 0x000000008c700000|  0%| F|  |TAMS 0x000000008c600000, 0x000000008c600000| Untracked 
| 199|0x000000008c700000, 0x000000008c700000, 0x000000008c800000|  0%| F|  |TAMS 0x000000008c700000, 0x000000008c700000| Untracked 
| 200|0x000000008c800000, 0x000000008c800000, 0x000000008c900000|  0%| F|  |TAMS 0x000000008c800000, 0x000000008c800000| Untracked 
| 201|0x000000008c900000, 0x000000008c900000, 0x000000008ca00000|  0%| F|  |TAMS 0x000000008c900000, 0x000000008c900000| Untracked 
| 202|0x000000008ca00000, 0x000000008ca00000, 0x000000008cb00000|  0%| F|  |TAMS 0x000000008ca00000, 0x000000008ca00000| Untracked 
| 203|0x000000008cb00000, 0x000000008cb00000, 0x000000008cc00000|  0%| F|  |TAMS 0x000000008cb00000, 0x000000008cb00000| Untracked 
| 204|0x000000008cc00000, 0x000000008cc00000, 0x000000008cd00000|  0%| F|  |TAMS 0x000000008cc00000, 0x000000008cc00000| Untracked 
| 205|0x000000008cd00000, 0x000000008cd00000, 0x000000008ce00000|  0%| F|  |TAMS 0x000000008cd00000, 0x000000008cd00000| Untracked 
| 206|0x000000008ce00000, 0x000000008ce00000, 0x000000008cf00000|  0%| F|  |TAMS 0x000000008ce00000, 0x000000008ce00000| Untracked 
| 207|0x000000008cf00000, 0x000000008cf00000, 0x000000008d000000|  0%| F|  |TAMS 0x000000008cf00000, 0x000000008cf00000| Untracked 
| 208|0x000000008d000000, 0x000000008d000000, 0x000000008d100000|  0%| F|  |TAMS 0x000000008d000000, 0x000000008d000000| Untracked 
| 209|0x000000008d100000, 0x000000008d100000, 0x000000008d200000|  0%| F|  |TAMS 0x000000008d100000, 0x000000008d100000| Untracked 
| 210|0x000000008d200000, 0x000000008d200000, 0x000000008d300000|  0%| F|  |TAMS 0x000000008d200000, 0x000000008d200000| Untracked 
| 211|0x000000008d300000, 0x000000008d300000, 0x000000008d400000|  0%| F|  |TAMS 0x000000008d300000, 0x000000008d300000| Untracked 
| 212|0x000000008d400000, 0x000000008d400000, 0x000000008d500000|  0%| F|  |TAMS 0x000000008d400000, 0x000000008d400000| Untracked 
| 213|0x000000008d500000, 0x000000008d500000, 0x000000008d600000|  0%| F|  |TAMS 0x000000008d500000, 0x000000008d500000| Untracked 
| 214|0x000000008d600000, 0x000000008d600000, 0x000000008d700000|  0%| F|  |TAMS 0x000000008d600000, 0x000000008d600000| Untracked 
| 215|0x000000008d700000, 0x000000008d700000, 0x000000008d800000|  0%| F|  |TAMS 0x000000008d700000, 0x000000008d700000| Untracked 
| 216|0x000000008d800000, 0x000000008d800000, 0x000000008d900000|  0%| F|  |TAMS 0x000000008d800000, 0x000000008d800000| Untracked 
| 217|0x000000008d900000, 0x000000008d900000, 0x000000008da00000|  0%| F|  |TAMS 0x000000008d900000, 0x000000008d900000| Untracked 
| 218|0x000000008da00000, 0x000000008da00000, 0x000000008db00000|  0%| F|  |TAMS 0x000000008da00000, 0x000000008da00000| Untracked 
| 219|0x000000008db00000, 0x000000008db00000, 0x000000008dc00000|  0%| F|  |TAMS 0x000000008db00000, 0x000000008db00000| Untracked 
| 220|0x000000008dc00000, 0x000000008dc00000, 0x000000008dd00000|  0%| F|  |TAMS 0x000000008dc00000, 0x000000008dc00000| Untracked 
| 221|0x000000008dd00000, 0x000000008dd00000, 0x000000008de00000|  0%| F|  |TAMS 0x000000008dd00000, 0x000000008dd00000| Untracked 
| 222|0x000000008de00000, 0x000000008de00000, 0x000000008df00000|  0%| F|  |TAMS 0x000000008de00000, 0x000000008de00000| Untracked 
| 223|0x000000008df00000, 0x000000008df00000, 0x000000008e000000|  0%| F|  |TAMS 0x000000008df00000, 0x000000008df00000| Untracked 
| 224|0x000000008e000000, 0x000000008e000000, 0x000000008e100000|  0%| F|  |TAMS 0x000000008e000000, 0x000000008e000000| Untracked 
| 225|0x000000008e100000, 0x000000008e100000, 0x000000008e200000|  0%| F|  |TAMS 0x000000008e100000, 0x000000008e100000| Untracked 
| 226|0x000000008e200000, 0x000000008e200000, 0x000000008e300000|  0%| F|  |TAMS 0x000000008e200000, 0x000000008e200000| Untracked 
| 227|0x000000008e300000, 0x000000008e300000, 0x000000008e400000|  0%| F|  |TAMS 0x000000008e300000, 0x000000008e300000| Untracked 
| 228|0x000000008e400000, 0x000000008e400000, 0x000000008e500000|  0%| F|  |TAMS 0x000000008e400000, 0x000000008e400000| Untracked 
| 229|0x000000008e500000, 0x000000008e500000, 0x000000008e600000|  0%| F|  |TAMS 0x000000008e500000, 0x000000008e500000| Untracked 
| 230|0x000000008e600000, 0x000000008e600000, 0x000000008e700000|  0%| F|  |TAMS 0x000000008e600000, 0x000000008e600000| Untracked 
| 231|0x000000008e700000, 0x000000008e700000, 0x000000008e800000|  0%| F|  |TAMS 0x000000008e700000, 0x000000008e700000| Untracked 
| 232|0x000000008e800000, 0x000000008e800000, 0x000000008e900000|  0%| F|  |TAMS 0x000000008e800000, 0x000000008e800000| Untracked 
| 233|0x000000008e900000, 0x000000008e900000, 0x000000008ea00000|  0%| F|  |TAMS 0x000000008e900000, 0x000000008e900000| Untracked 
| 234|0x000000008ea00000, 0x000000008ea00000, 0x000000008eb00000|  0%| F|  |TAMS 0x000000008ea00000, 0x000000008ea00000| Untracked 
| 235|0x000000008eb00000, 0x000000008eb00000, 0x000000008ec00000|  0%| F|  |TAMS 0x000000008eb00000, 0x000000008eb00000| Untracked 
| 236|0x000000008ec00000, 0x000000008ec00000, 0x000000008ed00000|  0%| F|  |TAMS 0x000000008ec00000, 0x000000008ec00000| Untracked 
| 237|0x000000008ed00000, 0x000000008ed00000, 0x000000008ee00000|  0%| F|  |TAMS 0x000000008ed00000, 0x000000008ed00000| Untracked 
| 238|0x000000008ee00000, 0x000000008ee00000, 0x000000008ef00000|  0%| F|  |TAMS 0x000000008ee00000, 0x000000008ee00000| Untracked 
| 239|0x000000008ef00000, 0x000000008ef00000, 0x000000008f000000|  0%| F|  |TAMS 0x000000008ef00000, 0x000000008ef00000| Untracked 
| 240|0x000000008f000000, 0x000000008f000000, 0x000000008f100000|  0%| F|  |TAMS 0x000000008f000000, 0x000000008f000000| Untracked 
| 241|0x000000008f100000, 0x000000008f100000, 0x000000008f200000|  0%| F|  |TAMS 0x000000008f100000, 0x000000008f100000| Untracked 
| 242|0x000000008f200000, 0x000000008f200000, 0x000000008f300000|  0%| F|  |TAMS 0x000000008f200000, 0x000000008f200000| Untracked 
| 243|0x000000008f300000, 0x000000008f300000, 0x000000008f400000|  0%| F|  |TAMS 0x000000008f300000, 0x000000008f300000| Untracked 
| 244|0x000000008f400000, 0x000000008f400000, 0x000000008f500000|  0%| F|  |TAMS 0x000000008f400000, 0x000000008f400000| Untracked 
| 245|0x000000008f500000, 0x000000008f500000, 0x000000008f600000|  0%| F|  |TAMS 0x000000008f500000, 0x000000008f500000| Untracked 
| 246|0x000000008f600000, 0x000000008f600000, 0x000000008f700000|  0%| F|  |TAMS 0x000000008f600000, 0x000000008f600000| Untracked 
| 247|0x000000008f700000, 0x000000008f700000, 0x000000008f800000|  0%| F|  |TAMS 0x000000008f700000, 0x000000008f700000| Untracked 
| 248|0x000000008f800000, 0x000000008f800000, 0x000000008f900000|  0%| F|  |TAMS 0x000000008f800000, 0x000000008f800000| Untracked 
| 249|0x000000008f900000, 0x000000008f900000, 0x000000008fa00000|  0%| F|  |TAMS 0x000000008f900000, 0x000000008f900000| Untracked 
| 250|0x000000008fa00000, 0x000000008fa00000, 0x000000008fb00000|  0%| F|  |TAMS 0x000000008fa00000, 0x000000008fa00000| Untracked 
| 251|0x000000008fb00000, 0x000000008fb00000, 0x000000008fc00000|  0%| F|  |TAMS 0x000000008fb00000, 0x000000008fb00000| Untracked 
| 252|0x000000008fc00000, 0x000000008fc00000, 0x000000008fd00000|  0%| F|  |TAMS 0x000000008fc00000, 0x000000008fc00000| Untracked 
| 253|0x000000008fd00000, 0x000000008fd00000, 0x000000008fe00000|  0%| F|  |TAMS 0x000000008fd00000, 0x000000008fd00000| Untracked 
| 254|0x000000008fe00000, 0x000000008fe00000, 0x000000008ff00000|  0%| F|  |TAMS 0x000000008fe00000, 0x000000008fe00000| Untracked 
| 255|0x000000008ff00000, 0x000000008ff00000, 0x0000000090000000|  0%| F|  |TAMS 0x000000008ff00000, 0x000000008ff00000| Untracked 
| 256|0x0000000090000000, 0x0000000090000000, 0x0000000090100000|  0%| F|  |TAMS 0x0000000090000000, 0x0000000090000000| Untracked 
| 257|0x0000000090100000, 0x0000000090100000, 0x0000000090200000|  0%| F|  |TAMS 0x0000000090100000, 0x0000000090100000| Untracked 
| 258|0x0000000090200000, 0x0000000090200000, 0x0000000090300000|  0%| F|  |TAMS 0x0000000090200000, 0x0000000090200000| Untracked 
| 259|0x0000000090300000, 0x0000000090300000, 0x0000000090400000|  0%| F|  |TAMS 0x0000000090300000, 0x0000000090300000| Untracked 
| 260|0x0000000090400000, 0x0000000090400000, 0x0000000090500000|  0%| F|  |TAMS 0x0000000090400000, 0x0000000090400000| Untracked 
| 261|0x0000000090500000, 0x0000000090500000, 0x0000000090600000|  0%| F|  |TAMS 0x0000000090500000, 0x0000000090500000| Untracked 
| 262|0x0000000090600000, 0x0000000090600000, 0x0000000090700000|  0%| F|  |TAMS 0x0000000090600000, 0x0000000090600000| Untracked 
| 263|0x0000000090700000, 0x0000000090700000, 0x0000000090800000|  0%| F|  |TAMS 0x0000000090700000, 0x0000000090700000| Untracked 
| 264|0x0000000090800000, 0x0000000090800000, 0x0000000090900000|  0%| F|  |TAMS 0x0000000090800000, 0x0000000090800000| Untracked 
| 265|0x0000000090900000, 0x0000000090900000, 0x0000000090a00000|  0%| F|  |TAMS 0x0000000090900000, 0x0000000090900000| Untracked 
| 266|0x0000000090a00000, 0x0000000090a00000, 0x0000000090b00000|  0%| F|  |TAMS 0x0000000090a00000, 0x0000000090a00000| Untracked 
| 267|0x0000000090b00000, 0x0000000090b00000, 0x0000000090c00000|  0%| F|  |TAMS 0x0000000090b00000, 0x0000000090b00000| Untracked 
| 268|0x0000000090c00000, 0x0000000090c00000, 0x0000000090d00000|  0%| F|  |TAMS 0x0000000090c00000, 0x0000000090c00000| Untracked 
| 269|0x0000000090d00000, 0x0000000090d00000, 0x0000000090e00000|  0%| F|  |TAMS 0x0000000090d00000, 0x0000000090d00000| Untracked 
| 270|0x0000000090e00000, 0x0000000090e00000, 0x0000000090f00000|  0%| F|  |TAMS 0x0000000090e00000, 0x0000000090e00000| Untracked 
| 271|0x0000000090f00000, 0x0000000090f00000, 0x0000000091000000|  0%| F|  |TAMS 0x0000000090f00000, 0x0000000090f00000| Untracked 
| 272|0x0000000091000000, 0x0000000091000000, 0x0000000091100000|  0%| F|  |TAMS 0x0000000091000000, 0x0000000091000000| Untracked 
| 273|0x0000000091100000, 0x0000000091100000, 0x0000000091200000|  0%| F|  |TAMS 0x0000000091100000, 0x0000000091100000| Untracked 
| 274|0x0000000091200000, 0x0000000091200000, 0x0000000091300000|  0%| F|  |TAMS 0x0000000091200000, 0x0000000091200000| Untracked 
| 275|0x0000000091300000, 0x0000000091300000, 0x0000000091400000|  0%| F|  |TAMS 0x0000000091300000, 0x0000000091300000| Untracked 
| 276|0x0000000091400000, 0x0000000091400000, 0x0000000091500000|  0%| F|  |TAMS 0x0000000091400000, 0x0000000091400000| Untracked 
| 277|0x0000000091500000, 0x0000000091500000, 0x0000000091600000|  0%| F|  |TAMS 0x0000000091500000, 0x0000000091500000| Untracked 
| 278|0x0000000091600000, 0x0000000091600000, 0x0000000091700000|  0%| F|  |TAMS 0x0000000091600000, 0x0000000091600000| Untracked 
| 279|0x0000000091700000, 0x0000000091700000, 0x0000000091800000|  0%| F|  |TAMS 0x0000000091700000, 0x0000000091700000| Untracked 
| 280|0x0000000091800000, 0x0000000091800000, 0x0000000091900000|  0%| F|  |TAMS 0x0000000091800000, 0x0000000091800000| Untracked 
| 281|0x0000000091900000, 0x0000000091900000, 0x0000000091a00000|  0%| F|  |TAMS 0x0000000091900000, 0x0000000091900000| Untracked 
| 282|0x0000000091a00000, 0x0000000091a00000, 0x0000000091b00000|  0%| F|  |TAMS 0x0000000091a00000, 0x0000000091a00000| Untracked 
| 283|0x0000000091b00000, 0x0000000091b00000, 0x0000000091c00000|  0%| F|  |TAMS 0x0000000091b00000, 0x0000000091b00000| Untracked 
| 284|0x0000000091c00000, 0x0000000091c00000, 0x0000000091d00000|  0%| F|  |TAMS 0x0000000091c00000, 0x0000000091c00000| Untracked 
| 285|0x0000000091d00000, 0x0000000091d00000, 0x0000000091e00000|  0%| F|  |TAMS 0x0000000091d00000, 0x0000000091d00000| Untracked 
| 286|0x0000000091e00000, 0x0000000091e00000, 0x0000000091f00000|  0%| F|  |TAMS 0x0000000091e00000, 0x0000000091e00000| Untracked 
| 287|0x0000000091f00000, 0x0000000091f00000, 0x0000000092000000|  0%| F|  |TAMS 0x0000000091f00000, 0x0000000091f00000| Untracked 
| 288|0x0000000092000000, 0x0000000092000000, 0x0000000092100000|  0%| F|  |TAMS 0x0000000092000000, 0x0000000092000000| Untracked 
| 289|0x0000000092100000, 0x0000000092100000, 0x0000000092200000|  0%| F|  |TAMS 0x0000000092100000, 0x0000000092100000| Untracked 
| 290|0x0000000092200000, 0x0000000092200000, 0x0000000092300000|  0%| F|  |TAMS 0x0000000092200000, 0x0000000092200000| Untracked 
| 291|0x0000000092300000, 0x0000000092300000, 0x0000000092400000|  0%| F|  |TAMS 0x0000000092300000, 0x0000000092300000| Untracked 
| 292|0x0000000092400000, 0x0000000092400000, 0x0000000092500000|  0%| F|  |TAMS 0x0000000092400000, 0x0000000092400000| Untracked 
| 293|0x0000000092500000, 0x0000000092500000, 0x0000000092600000|  0%| F|  |TAMS 0x0000000092500000, 0x0000000092500000| Untracked 
| 294|0x0000000092600000, 0x0000000092600000, 0x0000000092700000|  0%| F|  |TAMS 0x0000000092600000, 0x0000000092600000| Untracked 
| 295|0x0000000092700000, 0x0000000092700000, 0x0000000092800000|  0%| F|  |TAMS 0x0000000092700000, 0x0000000092700000| Untracked 
| 296|0x0000000092800000, 0x0000000092800000, 0x0000000092900000|  0%| F|  |TAMS 0x0000000092800000, 0x0000000092800000| Untracked 
| 297|0x0000000092900000, 0x0000000092900000, 0x0000000092a00000|  0%| F|  |TAMS 0x0000000092900000, 0x0000000092900000| Untracked 
| 298|0x0000000092a00000, 0x0000000092a00000, 0x0000000092b00000|  0%| F|  |TAMS 0x0000000092a00000, 0x0000000092a00000| Untracked 
| 299|0x0000000092b00000, 0x0000000092b00000, 0x0000000092c00000|  0%| F|  |TAMS 0x0000000092b00000, 0x0000000092b00000| Untracked 
| 300|0x0000000092c00000, 0x0000000092c00000, 0x0000000092d00000|  0%| F|  |TAMS 0x0000000092c00000, 0x0000000092c00000| Untracked 
| 301|0x0000000092d00000, 0x0000000092d00000, 0x0000000092e00000|  0%| F|  |TAMS 0x0000000092d00000, 0x0000000092d00000| Untracked 
| 302|0x0000000092e00000, 0x0000000092e00000, 0x0000000092f00000|  0%| F|  |TAMS 0x0000000092e00000, 0x0000000092e00000| Untracked 
| 303|0x0000000092f00000, 0x0000000092f00000, 0x0000000093000000|  0%| F|  |TAMS 0x0000000092f00000, 0x0000000092f00000| Untracked 
|2046|0x00000000ffe00000, 0x00000000ffe75000, 0x00000000fff00000| 45%|OA|  |TAMS 0x00000000ffe75000, 0x00000000ffe75000| Untracked 
|2047|0x00000000fff00000, 0x00000000fff78000, 0x0000000100000000| 46%|CA|  |TAMS 0x00000000fff78000, 0x00000000fff78000| Untracked 

Card table byte_map: [0x00007ff0bc71d000,0x00007ff0bcb1d000] _byte_map_base: 0x00007ff0bc31d000

Marking Bits (Prev, Next): (CMBitMap*) 0x00007ff0b8076470, (CMBitMap*) 0x00007ff0b8076430
 Prev Bits: [0x00007ff09d54d000, 0x00007ff09f54d000)
 Next Bits: [0x00007ff09f54d000, 0x00007ff0a154d000)

Polling page: 0x00007ff0becdf000

Metaspace:

Usage:
  Non-class:     74.46 MB used.
      Class:     11.91 MB used.
       Both:     86.36 MB used.

Virtual space:
  Non-class space:      128.00 MB reserved,      74.88 MB ( 58%) committed,  2 nodes.
      Class space:        1.00 GB reserved,      12.19 MB (  1%) committed,  1 nodes.
             Both:        1.12 GB reserved,      87.06 MB (  8%) committed. 

Chunk freelists:
   Non-Class:  4.27 MB
       Class:  3.81 MB
        Both:  8.08 MB

MaxMetaspaceSize: unlimited
CompressedClassSpaceSize: 1.00 GB
Initial GC threshold: 21.00 MB
Current GC threshold: 123.88 MB
CDS: on
MetaspaceReclaimPolicy: balanced
 - commit_granule_bytes: 65536.
 - commit_granule_words: 8192.
 - virtual_space_node_default_size: 8388608.
 - enlarge_chunks_in_place: 1.
 - new_chunks_are_fully_committed: 0.
 - uncommit_free_chunks: 1.
 - use_allocation_guard: 0.
 - handle_deallocations: 1.


Internal statistics:

num_allocs_failed_limit: 12.
num_arena_births: 948.
num_arena_deaths: 0.
num_vsnodes_births: 3.
num_vsnodes_deaths: 0.
num_space_committed: 1393.
num_space_uncommitted: 0.
num_chunks_returned_to_freelist: 12.
num_chunks_taken_from_freelist: 4634.
num_chunk_merges: 9.
num_chunk_splits: 3089.
num_chunks_enlarged: 2060.
num_inconsistent_stats: 0.

CodeHeap 'non-profiled nmethods': size=120036Kb used=3979Kb max_used=4099Kb free=116056Kb
 bounds [0x00007ff0a9014000, 0x00007ff0a9424000, 0x00007ff0b054d000]
CodeHeap 'profiled nmethods': size=120032Kb used=16484Kb max_used=17759Kb free=103547Kb
 bounds [0x00007ff0a154d000, 0x00007ff0a26ad000, 0x00007ff0a8a85000]
CodeHeap 'non-nmethods': size=5692Kb used=2408Kb max_used=2461Kb free=3283Kb
 bounds [0x00007ff0a8a85000, 0x00007ff0a8d05000, 0x00007ff0a9014000]
 total_blobs=10636 nmethods=9698 adapters=849
 compilation: enabled
              stopped_count=0, restarted_count=0
 full_count=0

Compilation events (20 events):
Event: 30.081 Thread 0x00007ff0b80e4a60 12167       2       org.gradle.api.internal.project.AbstractPluginAware::getPlugins (10 bytes)
Event: 30.081 Thread 0x00007ff0b80e4a60 nmethod 12167 0x00007ff0a201cc90 code [0x00007ff0a201ce40, 0x00007ff0a201cfa0]
Event: 30.081 Thread 0x00007ff0b80e4a60 12168       2       java.lang.Long::toString (55 bytes)
Event: 30.082 Thread 0x00007ff0b80e4a60 nmethod 12168 0x00007ff0a24c9d90 code [0x00007ff0a24c9f40, 0x00007ff0a24ca1b0]
Event: 30.082 Thread 0x00007ff0b80e4a60 12169       2       org.jetbrains.kotlin.gradle.plugin.mpp.KotlinJvmAndroidCompilation_Decorated::getDefaultSourceSet (40 bytes)
Event: 30.082 Thread 0x00007ff0b80e4a60 nmethod 12169 0x00007ff0a25b8390 code [0x00007ff0a25b8560, 0x00007ff0a25b87b0]
Event: 30.082 Thread 0x00007ff0b80e4a60 12172       2       org.gradle.api.internal.CompositeDomainObjectSet::getStore (11 bytes)
Event: 30.082 Thread 0x00007ff0b80e4a60 nmethod 12172 0x00007ff0a2293210 code [0x00007ff0a22933c0, 0x00007ff0a2293560]
Event: 30.082 Thread 0x00007ff0b80e4a60 12171       2       org.jetbrains.kotlin.gradle.plugin.mpp.KotlinAndroidTarget_Decorated::getName (40 bytes)
Event: 30.083 Thread 0x00007ff0b80e4a60 nmethod 12171 0x00007ff0a24c7e10 code [0x00007ff0a24c7fc0, 0x00007ff0a24c8190]
Event: 30.083 Thread 0x00007ff0b80e4a60 12170       2       org.jetbrains.kotlin.gradle.plugin.mpp.DecoratedKotlinCompilation::getDefaultSourceSet (10 bytes)
Event: 30.083 Thread 0x00007ff0b80e4a60 nmethod 12170 0x00007ff0a25b7f10 code [0x00007ff0a25b80c0, 0x00007ff0a25b81e0]
Event: 30.088 Thread 0x00007ff0b80e4a60 12173       2       org.jetbrains.kotlin.gradle.dsl.KotlinAndroidProjectExtension_Decorated::getSourceSets (40 bytes)
Event: 30.088 Thread 0x00007ff0b80e4a60 nmethod 12173 0x00007ff0a25e5590 code [0x00007ff0a25e5760, 0x00007ff0a25e5990]
Event: 30.088 Thread 0x00007ff0b80e4a60 12174       3       kotlin.collections.CollectionsKt___CollectionsKt::drop (293 bytes)
Event: 30.091 Thread 0x00007ff0b80e4a60 nmethod 12174 0x00007ff0a1adf610 code [0x00007ff0a1adfbc0, 0x00007ff0a1ae31c0]
Event: 30.091 Thread 0x00007ff0b80e4a60 12175       3       org.jetbrains.kotlin.gradle.utils.StringUtilsKt::lowerCamelCaseName (209 bytes)
Event: 30.092 Thread 0x00007ff0b80e4a60 nmethod 12175 0x00007ff0a1ff7610 code [0x00007ff0a1ff7980, 0x00007ff0a1ff9230]
Event: 30.092 Thread 0x00007ff0b80e4a60 12176       3       org.gradle.api.internal.project.DefaultProject::getExtensions (5 bytes)
Event: 30.093 Thread 0x00007ff0b80e4a60 nmethod 12176 0x00007ff0a1b4b490 code [0x00007ff0a1b4b7a0, 0x00007ff0a1b4cbf0]

GC Heap History (20 events):
Event: 13.218 GC heap after
{Heap after GC invocations=29 (full 0):
 garbage-first heap   total 104448K, used 40342K [0x0000000080000000, 0x0000000100000000)
  region size 1024K, 3 young (3072K), 3 survivors (3072K)
 Metaspace       used 49833K, committed 50304K, reserved 1114112K
  class space    used 6964K, committed 7168K, reserved 1048576K
}
Event: 14.984 GC heap before
{Heap before GC invocations=29 (full 0):
 garbage-first heap   total 104448K, used 81302K [0x0000000080000000, 0x0000000100000000)
  region size 1024K, 44 young (45056K), 3 survivors (3072K)
 Metaspace       used 51234K, committed 51776K, reserved 1114112K
  class space    used 7106K, committed 7360K, reserved 1048576K
}
Event: 14.997 GC heap after
{Heap after GC invocations=30 (full 0):
 garbage-first heap   total 104448K, used 42938K [0x0000000080000000, 0x0000000100000000)
  region size 1024K, 6 young (6144K), 6 survivors (6144K)
 Metaspace       used 51234K, committed 51776K, reserved 1114112K
  class space    used 7106K, committed 7360K, reserved 1048576K
}
Event: 15.984 GC heap before
{Heap before GC invocations=30 (full 0):
 garbage-first heap   total 104448K, used 81850K [0x0000000080000000, 0x0000000100000000)
  region size 1024K, 45 young (46080K), 6 survivors (6144K)
 Metaspace       used 51546K, committed 52096K, reserved 1114112K
  class space    used 7106K, committed 7360K, reserved 1048576K
}
Event: 16.000 GC heap after
{Heap after GC invocations=31 (full 0):
 garbage-first heap   total 104448K, used 44010K [0x0000000080000000, 0x0000000100000000)
  region size 1024K, 4 young (4096K), 4 survivors (4096K)
 Metaspace       used 51546K, committed 52096K, reserved 1114112K
  class space    used 7106K, committed 7360K, reserved 1048576K
}
Event: 16.611 GC heap before
{Heap before GC invocations=31 (full 0):
 garbage-first heap   total 104448K, used 83946K [0x0000000080000000, 0x0000000100000000)
  region size 1024K, 43 young (44032K), 4 survivors (4096K)
 Metaspace       used 51744K, committed 52288K, reserved 1114112K
  class space    used 7132K, committed 7360K, reserved 1048576K
}
Event: 16.623 GC heap after
{Heap after GC invocations=32 (full 0):
 garbage-first heap   total 104448K, used 46787K [0x0000000080000000, 0x0000000100000000)
  region size 1024K, 3 young (3072K), 3 survivors (3072K)
 Metaspace       used 51744K, committed 52288K, reserved 1114112K
  class space    used 7132K, committed 7360K, reserved 1048576K
}
Event: 16.624 GC heap before
{Heap before GC invocations=32 (full 0):
 garbage-first heap   total 104448K, used 46787K [0x0000000080000000, 0x0000000100000000)
  region size 1024K, 4 young (4096K), 3 survivors (3072K)
 Metaspace       used 51744K, committed 52288K, reserved 1114112K
  class space    used 7132K, committed 7360K, reserved 1048576K
}
Event: 16.675 GC heap after
{Heap after GC invocations=33 (full 0):
 garbage-first heap   total 104448K, used 46787K [0x0000000080000000, 0x0000000100000000)
  region size 1024K, 3 young (3072K), 3 survivors (3072K)
 Metaspace       used 51744K, committed 52288K, reserved 1114112K
  class space    used 7132K, committed 7360K, reserved 1048576K
}
Event: 16.680 GC heap before
{Heap before GC invocations=33 (full 0):
 garbage-first heap   total 104448K, used 48835K [0x0000000080000000, 0x0000000100000000)
  region size 1024K, 4 young (4096K), 3 survivors (3072K)
 Metaspace       used 51744K, committed 52288K, reserved 1114112K
  class space    used 7132K, committed 7360K, reserved 1048576K
}
Event: 16.686 GC heap after
{Heap after GC invocations=34 (full 0):
 garbage-first heap   total 313344K, used 49326K [0x0000000080000000, 0x0000000100000000)
  region size 1024K, 3 young (3072K), 3 survivors (3072K)
 Metaspace       used 51744K, committed 52288K, reserved 1114112K
  class space    used 7132K, committed 7360K, reserved 1048576K
}
Event: 20.588 GC heap before
{Heap before GC invocations=34 (full 0):
 garbage-first heap   total 313344K, used 230574K [0x0000000080000000, 0x0000000100000000)
  region size 1024K, 167 young (171008K), 3 survivors (3072K)
 Metaspace       used 64490K, committed 65088K, reserved 1114112K
  class space    used 8737K, committed 9024K, reserved 1048576K
}
Event: 20.681 GC heap after
{Heap after GC invocations=35 (full 0):
 garbage-first heap   total 313344K, used 73594K [0x0000000080000000, 0x0000000100000000)
  region size 1024K, 18 young (18432K), 18 survivors (18432K)
 Metaspace       used 64490K, committed 65088K, reserved 1114112K
  class space    used 8737K, committed 9024K, reserved 1048576K
}
Event: 23.321 GC heap before
{Heap before GC invocations=35 (full 0):
 garbage-first heap   total 313344K, used 187258K [0x0000000080000000, 0x0000000100000000)
  region size 1024K, 130 young (133120K), 18 survivors (18432K)
 Metaspace       used 75070K, committed 75648K, reserved 1114112K
  class space    used 10222K, committed 10496K, reserved 1048576K
}
Event: 23.406 GC heap after
{Heap after GC invocations=36 (full 0):
 garbage-first heap   total 313344K, used 78870K [0x0000000080000000, 0x0000000100000000)
  region size 1024K, 6 young (6144K), 6 survivors (6144K)
 Metaspace       used 75070K, committed 75648K, reserved 1114112K
  class space    used 10222K, committed 10496K, reserved 1048576K
}
Event: 26.902 GC heap before
{Heap before GC invocations=37 (full 0):
 garbage-first heap   total 296960K, used 240662K [0x0000000080000000, 0x0000000100000000)
  region size 1024K, 163 young (166912K), 6 survivors (6144K)
 Metaspace       used 81583K, committed 82240K, reserved 1179648K
  class space    used 11129K, committed 11392K, reserved 1048576K
}
Event: 26.990 GC heap after
{Heap after GC invocations=38 (full 0):
 garbage-first heap   total 296960K, used 92694K [0x0000000080000000, 0x0000000100000000)
  region size 1024K, 19 young (19456K), 19 survivors (19456K)
 Metaspace       used 81583K, committed 82240K, reserved 1179648K
  class space    used 11129K, committed 11392K, reserved 1048576K
}
Event: 27.003 GC heap before
{Heap before GC invocations=38 (full 0):
 garbage-first heap   total 296960K, used 93718K [0x0000000080000000, 0x0000000100000000)
  region size 1024K, 20 young (20480K), 19 survivors (19456K)
 Metaspace       used 81657K, committed 82368K, reserved 1179648K
  class space    used 11143K, committed 11456K, reserved 1048576K
}
Event: 27.080 GC heap after
{Heap after GC invocations=39 (full 0):
 garbage-first heap   total 296960K, used 93108K [0x0000000080000000, 0x0000000100000000)
  region size 1024K, 1 young (1024K), 1 survivors (1024K)
 Metaspace       used 81657K, committed 82368K, reserved 1179648K
  class space    used 11143K, committed 11456K, reserved 1048576K
}
Event: 30.098 GC heap before
{Heap before GC invocations=39 (full 0):
 garbage-first heap   total 296960K, used 231348K [0x0000000080000000, 0x0000000100000000)
  region size 1024K, 136 young (139264K), 1 survivors (1024K)
 Metaspace       used 88437K, committed 89152K, reserved 1179648K
  class space    used 12192K, committed 12480K, reserved 1048576K
}

Dll operation events (14 events):
Event: 0.003 Loaded shared library /usr/lib/jvm/java-17-openjdk-amd64/lib/libjava.so
Event: 0.075 Loaded shared library /usr/lib/jvm/java-17-openjdk-amd64/lib/libjsvml.so
Event: 0.122 Loaded shared library /usr/lib/jvm/java-17-openjdk-amd64/lib/libzip.so
Event: 0.123 Loaded shared library /usr/lib/jvm/java-17-openjdk-amd64/lib/libinstrument.so
Event: 0.125 Loaded shared library /usr/lib/jvm/java-17-openjdk-amd64/lib/libnio.so
Event: 0.127 Loaded shared library /usr/lib/jvm/java-17-openjdk-amd64/lib/libzip.so
Event: 0.389 Loaded shared library /usr/lib/jvm/java-17-openjdk-amd64/lib/libjimage.so
Event: 0.604 Loaded shared library /usr/lib/jvm/java-17-openjdk-amd64/lib/libverify.so
Event: 0.722 Loaded shared library /usr/lib/jvm/java-17-openjdk-amd64/lib/libnet.so
Event: 0.723 Loaded shared library /root/.gradle/native/1def1411415f61bf3af743bc5b6707747c0891f09f0c88961ee8f79bc544acac/linux-amd64/libnative-platform.so
Event: 0.785 Loaded shared library /root/.gradle/native/0.2.7/x86_64-linux-gnu/libgradle-fileevents.so
Event: 2.488 Loaded shared library /usr/lib/jvm/java-17-openjdk-amd64/lib/libmanagement.so
Event: 2.489 Loaded shared library /usr/lib/jvm/java-17-openjdk-amd64/lib/libmanagement_ext.so
Event: 2.603 Loaded shared library /usr/lib/jvm/java-17-openjdk-amd64/lib/libextnet.so

Deoptimization events (20 events):
Event: 28.721 Thread 0x00007ff03400cc00 DEOPT PACKING pc=0x00007ff0a93dbf7c sp=0x00007ff08d6f2600
Event: 28.721 Thread 0x00007ff03400cc00 DEOPT UNPACKING pc=0x00007ff0a8adeb19 sp=0x00007ff08d6f2630 mode 2
Event: 28.803 Thread 0x00007ff03400cc00 DEOPT PACKING pc=0x00007ff0a20dc5f3 sp=0x00007ff08d6f2600
Event: 28.803 Thread 0x00007ff03400cc00 DEOPT UNPACKING pc=0x00007ff0a8adf64f sp=0x00007ff08d6f1bd0 mode 0
Event: 28.887 Thread 0x00007ff03400cc00 Uncommon trap: trap_request=0xffffff66 fr.pc=0x00007ff0a93dbf7c relative=0x00000000000021bc
Event: 28.887 Thread 0x00007ff03400cc00 Uncommon trap: reason=speculate_class_check action=maybe_recompile pc=0x00007ff0a93dbf7c method=org.gradle.api.internal.provider.DefaultValueSourceProviderFactory$LazilyObtainedValue.obtain()Lorg/gradle/api/internal/provider/DefaultValueSourceProviderFact
Event: 28.887 Thread 0x00007ff03400cc00 DEOPT PACKING pc=0x00007ff0a93dbf7c sp=0x00007ff08d6f2620
Event: 28.887 Thread 0x00007ff03400cc00 DEOPT UNPACKING pc=0x00007ff0a8adeb19 sp=0x00007ff08d6f2650 mode 2
Event: 28.895 Thread 0x00007ff03400cc00 Uncommon trap: trap_request=0xffffff66 fr.pc=0x00007ff0a93dbf7c relative=0x00000000000021bc
Event: 28.895 Thread 0x00007ff03400cc00 Uncommon trap: reason=speculate_class_check action=maybe_recompile pc=0x00007ff0a93dbf7c method=org.gradle.api.internal.provider.DefaultValueSourceProviderFactory$LazilyObtainedValue.obtain()Lorg/gradle/api/internal/provider/DefaultValueSourceProviderFact
Event: 28.895 Thread 0x00007ff03400cc00 DEOPT PACKING pc=0x00007ff0a93dbf7c sp=0x00007ff08d6f26b0
Event: 28.895 Thread 0x00007ff03400cc00 DEOPT UNPACKING pc=0x00007ff0a8adeb19 sp=0x00007ff08d6f26e0 mode 2
Event: 29.691 Thread 0x00007ff03400cc00 Uncommon trap: trap_request=0xffffff45 fr.pc=0x00007ff0a92b4c60 relative=0x00000000000003a0
Event: 29.691 Thread 0x00007ff03400cc00 Uncommon trap: reason=unstable_if action=reinterpret pc=0x00007ff0a92b4c60 method=java.io.UnixFileSystem.normalize(Ljava/lang/String;)Ljava/lang/String; @ 8 c2
Event: 29.691 Thread 0x00007ff03400cc00 DEOPT PACKING pc=0x00007ff0a92b4c60 sp=0x00007ff08d6f27b0
Event: 29.691 Thread 0x00007ff03400cc00 DEOPT UNPACKING pc=0x00007ff0a8adeb19 sp=0x00007ff08d6f2708 mode 2
Event: 29.691 Thread 0x00007ff03400cc00 Uncommon trap: trap_request=0xffffff45 fr.pc=0x00007ff0a9143058 relative=0x00000000000001b8
Event: 29.691 Thread 0x00007ff03400cc00 Uncommon trap: reason=unstable_if action=reinterpret pc=0x00007ff0a9143058 method=java.io.UnixFileSystem.normalize(Ljava/lang/String;)Ljava/lang/String; @ 8 c2
Event: 29.691 Thread 0x00007ff03400cc00 DEOPT PACKING pc=0x00007ff0a9143058 sp=0x00007ff08d6f2730
Event: 29.691 Thread 0x00007ff03400cc00 DEOPT UNPACKING pc=0x00007ff0a8adeb19 sp=0x00007ff08d6f26f8 mode 2

Classes loaded (20 events):
Event: 26.494 Loading class java/util/concurrent/atomic/AtomicLongArray
Event: 26.494 Loading class java/util/concurrent/atomic/AtomicLongArray done
Event: 26.580 Loading class sun/reflect/generics/repository/FieldRepository
Event: 26.580 Loading class sun/reflect/generics/repository/FieldRepository done
Event: 26.598 Loading class jdk/internal/vm/annotation/ForceInline
Event: 26.598 Loading class jdk/internal/vm/annotation/ForceInline done
Event: 26.705 Loading class java/util/regex/Pattern$Caret
Event: 26.705 Loading class java/util/regex/Pattern$Caret done
Event: 29.009 Loading class java/util/LinkedHashMapBeanInfo
Event: 29.009 Loading class java/util/LinkedHashMapBeanInfo done
Event: 29.010 Loading class java/util/LinkedHashMapBeanInfo
Event: 29.010 Loading class java/util/LinkedHashMapBeanInfo done
Event: 29.010 Loading class java/util/LinkedHashMapCustomizer
Event: 29.010 Loading class java/util/LinkedHashMapCustomizer done
Event: 29.010 Loading class java/util/LinkedHashMapCustomizer
Event: 29.010 Loading class java/util/LinkedHashMapCustomizer done
Event: 29.419 Loading class java/io/CharArrayWriter
Event: 29.419 Loading class java/io/CharArrayWriter done
Event: 29.705 Loading class java/util/ArrayList$SubList$2
Event: 29.705 Loading class java/util/ArrayList$SubList$2 done

Classes unloaded (0 events):
No events

Classes redefined (0 events):
No events

Internal exceptions (20 events):
Event: 28.812 Thread 0x00007ff03400cc00 Exception <a 'java/lang/ClassNotFoundException'{0x000000008d295ea8}: com/android/build/gradle/internal/api/ReadOnlyBuildTypeBeanInfo> (0x000000008d295ea8) 
thrown [./src/hotspot/share/classfile/systemDictionary.cpp, line 256]
Event: 28.813 Thread 0x00007ff03400cc00 Exception <a 'java/lang/ClassNotFoundException'{0x000000008d2a3720}: com/android/build/gradle/internal/api/ReadOnlyBaseConfigBeanInfo> (0x000000008d2a3720) 
thrown [./src/hotspot/share/classfile/systemDictionary.cpp, line 256]
Event: 28.813 Thread 0x00007ff03400cc00 Exception <a 'java/lang/ClassNotFoundException'{0x000000008d2b0fc0}: com/android/build/gradle/internal/api/ReadOnlyBaseConfigCustomizer> (0x000000008d2b0fc0) 
thrown [./src/hotspot/share/classfile/systemDictionary.cpp, line 256]
Event: 28.814 Thread 0x00007ff03400cc00 Exception <a 'java/lang/ClassNotFoundException'{0x000000008d2cf7c8}: com/android/build/gradle/internal/api/ReadOnlyBuildTypeCustomizer> (0x000000008d2cf7c8) 
thrown [./src/hotspot/share/classfile/systemDictionary.cpp, line 256]
Event: 28.991 Thread 0x00007ff03400cc00 Exception <a 'java/lang/ClassNotFoundException'{0x000000008ca3aa60}: com/android/build/gradle/internal/api/ApplicationVariantImpl_DecoratedBeanInfo> (0x000000008ca3aa60) 
thrown [./src/hotspot/share/classfile/systemDictionary.cpp, line 256]
Event: 28.992 Thread 0x00007ff03400cc00 Exception <a 'java/lang/ClassNotFoundException'{0x000000008ca485f8}: com/android/build/gradle/internal/api/ApplicationVariantImplBeanInfo> (0x000000008ca485f8) 
thrown [./src/hotspot/share/classfile/systemDictionary.cpp, line 256]
Event: 28.992 Thread 0x00007ff03400cc00 Exception <a 'java/lang/ClassNotFoundException'{0x000000008ca57000}: com/android/build/gradle/internal/api/ApkVariantImplBeanInfo> (0x000000008ca57000) 
thrown [./src/hotspot/share/classfile/systemDictionary.cpp, line 256]
Event: 28.992 Thread 0x00007ff03400cc00 Exception <a 'java/lang/ClassNotFoundException'{0x000000008ca65b80}: com/android/build/gradle/internal/api/InstallableVariantImplBeanInfo> (0x000000008ca65b80) 
thrown [./src/hotspot/share/classfile/systemDictionary.cpp, line 256]
Event: 28.993 Thread 0x00007ff03400cc00 Exception <a 'java/lang/ClassNotFoundException'{0x000000008ca74ac0}: com/android/build/gradle/internal/api/AndroidArtifactVariantImplBeanInfo> (0x000000008ca74ac0) 
thrown [./src/hotspot/share/classfile/systemDictionary.cpp, line 256]
Event: 28.993 Thread 0x00007ff03400cc00 Exception <a 'java/lang/ClassNotFoundException'{0x000000008ca839f8}: com/android/build/gradle/internal/api/BaseVariantImplBeanInfo> (0x000000008ca839f8) 
thrown [./src/hotspot/share/classfile/systemDictionary.cpp, line 256]
Event: 28.993 Thread 0x00007ff03400cc00 Exception <a 'java/lang/ClassNotFoundException'{0x000000008ca92770}: com/android/build/gradle/internal/api/BaseVariantImplCustomizer> (0x000000008ca92770) 
thrown [./src/hotspot/share/classfile/systemDictionary.cpp, line 256]
Event: 28.995 Thread 0x00007ff03400cc00 Exception <a 'java/lang/ClassNotFoundException'{0x000000008cae80a0}: com/android/build/gradle/internal/api/AndroidArtifactVariantImplCustomizer> (0x000000008cae80a0) 
thrown [./src/hotspot/share/classfile/systemDictionary.cpp, line 256]
Event: 28.999 Thread 0x00007ff03400cc00 Exception <a 'java/lang/ClassNotFoundException'{0x000000008c90c818}: com/android/build/gradle/internal/api/InstallableVariantImplCustomizer> (0x000000008c90c818) 
thrown [./src/hotspot/share/classfile/systemDictionary.cpp, line 256]
Event: 29.000 Thread 0x00007ff03400cc00 Exception <a 'java/lang/ClassNotFoundException'{0x000000008c934f40}: com/android/build/gradle/internal/api/ApkVariantImplCustomizer> (0x000000008c934f40) 
thrown [./src/hotspot/share/classfile/systemDictionary.cpp, line 256]
Event: 29.000 Thread 0x00007ff03400cc00 Exception <a 'java/lang/ClassNotFoundException'{0x000000008c95b648}: com/android/build/gradle/internal/api/ApplicationVariantImplCustomizer> (0x000000008c95b648) 
thrown [./src/hotspot/share/classfile/systemDictionary.cpp, line 256]
Event: 29.001 Thread 0x00007ff03400cc00 Exception <a 'java/lang/ClassNotFoundException'{0x000000008c985ff0}: com/android/build/gradle/internal/api/ApplicationVariantImpl_DecoratedCustomizer> (0x000000008c985ff0) 
thrown [./src/hotspot/share/classfile/systemDictionary.cpp, line 256]
Event: 29.006 Thread 0x00007ff03400cc00 Exception <a 'java/lang/ClassNotFoundException'{0x000000008c85ce78}: com/android/build/OutputFileBeanInfo> (0x000000008c85ce78) 
thrown [./src/hotspot/share/classfile/systemDictionary.cpp, line 256]
Event: 29.007 Thread 0x00007ff03400cc00 Exception <a 'java/lang/ClassNotFoundException'{0x000000008c86c700}: com/android/build/OutputFileCustomizer> (0x000000008c86c700) 
thrown [./src/hotspot/share/classfile/systemDictionary.cpp, line 256]
Event: 29.010 Thread 0x00007ff03400cc00 Exception <a 'java/lang/ClassNotFoundException'{0x000000008c8cb408}: java/util/LinkedHashMapBeanInfo> (0x000000008c8cb408) 
thrown [./src/hotspot/share/classfile/systemDictionary.cpp, line 256]
Event: 29.010 Thread 0x00007ff03400cc00 Exception <a 'java/lang/ClassNotFoundException'{0x000000008c8d3418}: java/util/LinkedHashMapCustomizer> (0x000000008c8d3418) 
thrown [./src/hotspot/share/classfile/systemDictionary.cpp, line 256]

VM Operations (20 events):
Event: 28.319 Executing VM operation: ICBufferFull done
Event: 28.382 Executing VM operation: HandshakeAllThreads
Event: 28.383 Executing VM operation: HandshakeAllThreads done
Event: 28.409 Executing VM operation: HandshakeAllThreads
Event: 28.409 Executing VM operation: HandshakeAllThreads done
Event: 28.598 Executing VM operation: ICBufferFull
Event: 28.599 Executing VM operation: ICBufferFull done
Event: 28.606 Executing VM operation: HandshakeAllThreads
Event: 28.606 Executing VM operation: HandshakeAllThreads done
Event: 28.688 Executing VM operation: HandshakeAllThreads
Event: 28.688 Executing VM operation: HandshakeAllThreads done
Event: 28.915 Executing VM operation: HandshakeAllThreads
Event: 28.916 Executing VM operation: HandshakeAllThreads done
Event: 29.116 Executing VM operation: ICBufferFull
Event: 29.116 Executing VM operation: ICBufferFull done
Event: 29.683 Executing VM operation: HandshakeAllThreads
Event: 29.683 Executing VM operation: HandshakeAllThreads done
Event: 29.885 Executing VM operation: ICBufferFull
Event: 29.885 Executing VM operation: ICBufferFull done
Event: 30.098 Executing VM operation: G1CollectForAllocation

Memory protections (20 events):
Event: 3.675 Protecting memory [0x00007ff08cff5000,0x00007ff08cff9000] with protection modes 0
Event: 4.708 Protecting memory [0x00007ff08cef4000,0x00007ff08cef8000] with protection modes 0
Event: 4.800 Protecting memory [0x00007ff08cdf3000,0x00007ff08cdf7000] with protection modes 0
Event: 5.124 Protecting memory [0x00007ff08caec000,0x00007ff08caf0000] with protection modes 0
Event: 6.081 Protecting memory [0x00007ff08ccf2000,0x00007ff08ccf6000] with protection modes 0
Event: 8.777 Protecting memory [0x00007ff08cbf1000,0x00007ff08cbf5000] with protection modes 0
Event: 8.808 Protecting memory [0x00007ff08c9eb000,0x00007ff08c9ef000] with protection modes 0
Event: 9.686 Protecting memory [0x00007ff08c8ea000,0x00007ff08c8ee000] with protection modes 0
Event: 9.721 Protecting memory [0x00007ff08c7e9000,0x00007ff08c7ed000] with protection modes 0
Event: 10.019 Protecting memory [0x00007ff08c453000,0x00007ff08c457000] with protection modes 0
Event: 13.710 Protecting memory [0x00007ff08c6e8000,0x00007ff08c6ec000] with protection modes 0
Event: 13.978 Protecting memory [0x00007ff08c5e7000,0x00007ff08c5eb000] with protection modes 0
Event: 14.817 Protecting memory [0x00007ff08c352000,0x00007ff08c356000] with protection modes 0
Event: 17.691 Protecting memory [0x00007ff08c251000,0x00007ff08c255000] with protection modes 0
Event: 18.581 Protecting memory [0x00007ff08c150000,0x00007ff08c154000] with protection modes 0
Event: 21.894 Protecting memory [0x00007ff08c04f000,0x00007ff08c053000] with protection modes 0
Event: 23.423 Protecting memory [0x00007ff03ef00000,0x00007ff03ef04000] with protection modes 0
Event: 23.513 Protecting memory [0x00007ff09c0a0000,0x00007ff09c0a4000] with protection modes 0
Event: 23.523 Protecting memory [0x00007ff03edff000,0x00007ff03ee03000] with protection modes 0
Event: 23.581 Protecting memory [0x00007ff03ecfe000,0x00007ff03ed02000] with protection modes 0

Nmethod flushes (20 events):
Event: 28.675 Thread 0x00007ff0b80e5ed0 flushing  nmethod 0x00007ff0a25b5c90
Event: 28.675 Thread 0x00007ff0b80e5ed0 flushing  nmethod 0x00007ff0a25b6010
Event: 28.675 Thread 0x00007ff0b80e5ed0 flushing  nmethod 0x00007ff0a25b6510
Event: 28.675 Thread 0x00007ff0b80e5ed0 flushing  nmethod 0x00007ff0a25b7090
Event: 28.675 Thread 0x00007ff0b80e5ed0 flushing  nmethod 0x00007ff0a25b7f10
Event: 28.675 Thread 0x00007ff0b80e5ed0 flushing  nmethod 0x00007ff0a25b8490
Event: 28.675 Thread 0x00007ff0b80e5ed0 flushing  nmethod 0x00007ff0a25b9810
Event: 28.675 Thread 0x00007ff0b80e5ed0 flushing  nmethod 0x00007ff0a25b9b90
Event: 28.675 Thread 0x00007ff0b80e5ed0 flushing  nmethod 0x00007ff0a25bf290
Event: 28.675 Thread 0x00007ff0b80e5ed0 flushing  nmethod 0x00007ff0a25bf690
Event: 28.675 Thread 0x00007ff0b80e5ed0 flushing  nmethod 0x00007ff0a25d2a90
Event: 28.675 Thread 0x00007ff0b80e5ed0 flushing  nmethod 0x00007ff0a25dfc10
Event: 28.675 Thread 0x00007ff0b80e5ed0 flushing  nmethod 0x00007ff0a25e1910
Event: 28.675 Thread 0x00007ff0b80e5ed0 flushing  nmethod 0x00007ff0a25e2010
Event: 28.676 Thread 0x00007ff0b80e5ed0 flushing  nmethod 0x00007ff0a25e3010
Event: 28.676 Thread 0x00007ff0b80e5ed0 flushing  nmethod 0x00007ff0a25e5110
Event: 28.676 Thread 0x00007ff0b80e5ed0 flushing  nmethod 0x00007ff0a2605390
Event: 28.676 Thread 0x00007ff0b80e5ed0 flushing  nmethod 0x00007ff0a2605e10
Event: 28.676 Thread 0x00007ff0b80e5ed0 flushing  nmethod 0x00007ff0a260ab90
Event: 28.676 Thread 0x00007ff0b80e5ed0 flushing  nmethod 0x00007ff0a2621110

Events (20 events):
Event: 3.675 Thread 0x00007ff03400cc00 Thread added: 0x00007ff0801dc320
Event: 4.706 Thread 0x00007ff03400cc00 Thread added: 0x00007ff08048eb70
Event: 4.790 Thread 0x00007ff03400cc00 Thread added: 0x00007ff0804b1ad0
Event: 5.123 Thread 0x00007ff03400cc00 Thread added: 0x00007ff0805fa7a0
Event: 6.022 Thread 0x00007ff03400cc00 Thread added: 0x00007ff08084d600
Event: 8.777 Thread 0x00007ff03400cc00 Thread added: 0x00007ff080c73c30
Event: 8.808 Thread 0x00007ff03400cc00 Thread added: 0x00007ff080c82db0
Event: 9.683 Thread 0x00007ff03400cc00 Thread added: 0x00007ff080de3930
Event: 9.710 Thread 0x00007ff03400cc00 Thread added: 0x00007ff080dfb830
Event: 10.013 Thread 0x00007ff03400cc00 Thread added: 0x00007ff080ffd6d0
Event: 13.704 Thread 0x00007ff03400cc00 Thread added: 0x00007ff08136f8d0
Event: 13.914 Thread 0x00007ff03400cc00 Thread added: 0x00007ff081382f00
Event: 14.812 Thread 0x00007ff03400cc00 Thread added: 0x00007ff08138bf00
Event: 17.682 Thread 0x00007ff03400cc00 Thread added: 0x00007ff081748d00
Event: 18.520 Thread 0x00007ff03400cc00 Thread added: 0x00007ff08185e310
Event: 21.888 Thread 0x00007ff03400cc00 Thread added: 0x00007ff08244be30
Event: 23.423 Thread 0x00007ff03400cc00 Thread added: 0x00007ff08268d030
Event: 23.513 Thread 0x00007ff08268d030 Thread added: 0x000055fc0b7a00a0
Event: 23.523 Thread 0x00007ff08268d030 Thread added: 0x000055fc0b7a1c40
Event: 23.581 Thread 0x00007ff08268d030 Thread added: 0x000055fc0b7a34e0


Dynamic libraries:
80000000-93000000 rw-p 00000000 00:00 0 
b6400000-ffe00000 ---p 00000000 00:00 0 
ffe00000-ffe75000 rw-p 00c7a000 00:25 13842                              /usr/lib/jvm/java-17-openjdk-amd64/lib/server/classes.jsa
ffe75000-fff00000 rw-p 00000000 00:00 0 
fff00000-fff78000 rw-p 00c02000 00:25 13842                              /usr/lib/jvm/java-17-openjdk-amd64/lib/server/classes.jsa
fff78000-100000000 rw-p 00000000 00:00 0 
55fc0ab61000-55fc0ab62000 r--p 00000000 00:25 13485                      /usr/lib/jvm/java-17-openjdk-amd64/bin/java
55fc0ab62000-55fc0ab63000 r-xp 00001000 00:25 13485                      /usr/lib/jvm/java-17-openjdk-amd64/bin/java
55fc0ab63000-55fc0ab64000 r--p 00002000 00:25 13485                      /usr/lib/jvm/java-17-openjdk-amd64/bin/java
55fc0ab64000-55fc0ab65000 r--p 00002000 00:25 13485                      /usr/lib/jvm/java-17-openjdk-amd64/bin/java
55fc0ab65000-55fc0ab66000 rw-p 00003000 00:25 13485                      /usr/lib/jvm/java-17-openjdk-amd64/bin/java
55fc0b765000-55fc0b7ac000 rw-p 00000000 00:00 0                          [heap]
7ff014000000-7ff014900000 rw-p 00000000 00:00 0 
7ff014900000-7ff014920000 rw-p 00000000 00:00 0 
7ff014920000-7ff014a00000 ---p 00000000 00:00 0 
7ff014a00000-7ff014bc0000 rw-p 00000000 00:00 0 
7ff014bc0000-7ff018000000 ---p 00000000 00:00 0 
7ff018000000-7ff018a6e000 rw-p 00000000 00:00 0 
7ff018a6e000-7ff01c000000 ---p 00000000 00:00 0 
7ff01c000000-7ff01c021000 rw-p 00000000 00:00 0 
7ff01c021000-7ff020000000 ---p 00000000 00:00 0 
7ff020000000-7ff020021000 rw-p 00000000 00:00 0 
7ff020021000-7ff024000000 ---p 00000000 00:00 0 
7ff024000000-7ff0265eb000 rw-p 00000000 00:00 0 
7ff0265eb000-7ff028000000 ---p 00000000 00:00 0 
7ff028000000-7ff028021000 rw-p 00000000 00:00 0 
7ff028021000-7ff02c000000 ---p 00000000 00:00 0 
7ff02c000000-7ff02c055000 rw-p 00000000 00:00 0 
7ff02c055000-7ff030000000 ---p 00000000 00:00 0 
7ff030000000-7ff03002d000 rw-p 00000000 00:00 0 
7ff03002d000-7ff034000000 ---p 00000000 00:00 0 
7ff034000000-7ff034021000 rw-p 00000000 00:00 0 
7ff034021000-7ff038000000 ---p 00000000 00:00 0 
7ff038000000-7ff0384b7000 rw-p 00000000 00:00 0 
7ff0384b7000-7ff03c000000 ---p 00000000 00:00 0 
7ff03ecfd000-7ff03ecfe000 ---p 00000000 00:00 0 
7ff03ecfe000-7ff03ed02000 ---p 00000000 00:00 0 
7ff03ed02000-7ff03edfe000 rw-p 00000000 00:00 0 
7ff03edfe000-7ff03edff000 ---p 00000000 00:00 0 
7ff03edff000-7ff03ee03000 ---p 00000000 00:00 0 
7ff03ee03000-7ff03eeff000 rw-p 00000000 00:00 0 
7ff03eeff000-7ff03ef00000 ---p 00000000 00:00 0 
7ff03ef00000-7ff03ef04000 ---p 00000000 00:00 0 
7ff03ef04000-7ff03f000000 rw-p 00000000 00:00 0 
7ff03f000000-7ff03f455000 rw-p 00001000 00:25 13842                      /usr/lib/jvm/java-17-openjdk-amd64/lib/server/classes.jsa
7ff03f455000-7ff03fbca000 rw-p 00456000 00:25 13842                      /usr/lib/jvm/java-17-openjdk-amd64/lib/server/classes.jsa
7ff03fbca000-7ff040000000 ---p 00000000 00:00 0 
7ff040000000-7ff040040000 rw-p 00000000 00:00 0 
7ff040040000-7ff040080000 rw-p 00000000 00:00 0 
7ff040080000-7ff040140000 rw-p 00000000 00:00 0 
7ff040140000-7ff040180000 rw-p 00000000 00:00 0 
7ff040180000-7ff040460000 rw-p 00000000 00:00 0 
7ff040460000-7ff040480000 rw-p 00000000 00:00 0 
7ff040480000-7ff0404c0000 rw-p 00000000 00:00 0 
7ff0404c0000-7ff040500000 rw-p 00000000 00:00 0 
7ff040500000-7ff040840000 rw-p 00000000 00:00 0 
7ff040840000-7ff040880000 rw-p 00000000 00:00 0 
7ff040880000-7ff040c30000 rw-p 00000000 00:00 0 
7ff040c30000-7ff080000000 ---p 00000000 00:00 0 
7ff080000000-7ff082760000 rw-p 00000000 00:00 0 
7ff082760000-7ff084000000 ---p 00000000 00:00 0 
7ff084000000-7ff084400000 rw-p 00000000 00:00 0 
7ff084400000-7ff0847c0000 rw-p 00000000 00:00 0 
7ff0847c0000-7ff084800000 rw-p 00000000 00:00 0 
7ff084800000-7ff0849c0000 rw-p 00000000 00:00 0 
7ff0849c0000-7ff084a00000 rw-p 00000000 00:00 0 
7ff084a00000-7ff084bc0000 rw-p 00000000 00:00 0 
7ff084bc0000-7ff084c00000 rw-p 00000000 00:00 0 
7ff084c00000-7ff085000000 rw-p 00000000 00:00 0 
7ff085000000-7ff085500000 rw-p 00000000 00:00 0 
7ff085500000-7ff085b80000 rw-p 00000000 00:00 0 
7ff085b80000-7ff085d00000 rw-p 00000000 00:00 0 
7ff085d00000-7ff085f00000 rw-p 00000000 00:00 0 
7ff085f00000-7ff086000000 rw-p 00000000 00:00 0 
7ff086000000-7ff087100000 rw-p 00000000 00:00 0 
7ff087100000-7ff087200000 rw-p 00000000 00:00 0 
7ff087200000-7ff087380000 rw-p 00000000 00:00 0 
7ff087380000-7ff087400000 rw-p 00000000 00:00 0 
7ff087400000-7ff087b00000 rw-p 00000000 00:00 0 
7ff087b00000-7ff087c00000 rw-p 00000000 00:00 0 
7ff087c00000-7ff088000000 rw-p 00000000 00:00 0 
7ff088000000-7ff088042000 rw-p 00000000 00:00 0 
7ff088042000-7ff08c000000 ---p 00000000 00:00 0 
7ff08c04e000-7ff08c04f000 ---p 00000000 00:00 0 
7ff08c04f000-7ff08c053000 ---p 00000000 00:00 0 
7ff08c053000-7ff08c14f000 rw-p 00000000 00:00 0 
7ff08c14f000-7ff08c150000 ---p 00000000 00:00 0 
7ff08c150000-7ff08c154000 ---p 00000000 00:00 0 
7ff08c154000-7ff08c250000 rw-p 00000000 00:00 0 
7ff08c250000-7ff08c251000 ---p 00000000 00:00 0 
7ff08c251000-7ff08c255000 ---p 00000000 00:00 0 
7ff08c255000-7ff08c351000 rw-p 00000000 00:00 0 
7ff08c351000-7ff08c352000 ---p 00000000 00:00 0 
7ff08c352000-7ff08c356000 ---p 00000000 00:00 0 
7ff08c356000-7ff08c452000 rw-p 00000000 00:00 0 
7ff08c452000-7ff08c453000 ---p 00000000 00:00 0 
7ff08c453000-7ff08c457000 ---p 00000000 00:00 0 
7ff08c457000-7ff08c553000 rw-p 00000000 00:00 0 
7ff08c5e6000-7ff08c5e7000 ---p 00000000 00:00 0 
7ff08c5e7000-7ff08c5eb000 ---p 00000000 00:00 0 
7ff08c5eb000-7ff08c6e7000 rw-p 00000000 00:00 0 
7ff08c6e7000-7ff08c6e8000 ---p 00000000 00:00 0 
7ff08c6e8000-7ff08c6ec000 ---p 00000000 00:00 0 
7ff08c6ec000-7ff08c7e8000 rw-p 00000000 00:00 0 
7ff08c7e8000-7ff08c7e9000 ---p 00000000 00:00 0 
7ff08c7e9000-7ff08c7ed000 ---p 00000000 00:00 0 
7ff08c7ed000-7ff08c8e9000 rw-p 00000000 00:00 0 
7ff08c8e9000-7ff08c8ea000 ---p 00000000 00:00 0 
7ff08c8ea000-7ff08c8ee000 ---p 00000000 00:00 0 
7ff08c8ee000-7ff08c9ea000 rw-p 00000000 00:00 0 
7ff08c9ea000-7ff08c9eb000 ---p 00000000 00:00 0 
7ff08c9eb000-7ff08c9ef000 ---p 00000000 00:00 0 
7ff08c9ef000-7ff08caeb000 rw-p 00000000 00:00 0 
7ff08caeb000-7ff08caec000 ---p 00000000 00:00 0 
7ff08caec000-7ff08caf0000 ---p 00000000 00:00 0 
7ff08caf0000-7ff08cbec000 rw-p 00000000 00:00 0 
7ff08cbf0000-7ff08cbf1000 ---p 00000000 00:00 0 
7ff08cbf1000-7ff08cbf5000 ---p 00000000 00:00 0 
7ff08cbf5000-7ff08ccf1000 rw-p 00000000 00:00 0 
7ff08ccf1000-7ff08ccf2000 ---p 00000000 00:00 0 
7ff08ccf2000-7ff08ccf6000 ---p 00000000 00:00 0 
7ff08ccf6000-7ff08cdf2000 rw-p 00000000 00:00 0 
7ff08cdf2000-7ff08cdf3000 ---p 00000000 00:00 0 
7ff08cdf3000-7ff08cdf7000 ---p 00000000 00:00 0 
7ff08cdf7000-7ff08cef3000 rw-p 00000000 00:00 0 
7ff08cef3000-7ff08cef4000 ---p 00000000 00:00 0 
7ff08cef4000-7ff08cef8000 ---p 00000000 00:00 0 
7ff08cef8000-7ff08cff4000 rw-p 00000000 00:00 0 
7ff08cff4000-7ff08cff5000 ---p 00000000 00:00 0 
7ff08cff5000-7ff08cff9000 ---p 00000000 00:00 0 
7ff08cff9000-7ff08d0f5000 rw-p 00000000 00:00 0 
7ff08d0f5000-7ff08d0f6000 ---p 00000000 00:00 0 
7ff08d0f6000-7ff08d0fa000 ---p 00000000 00:00 0 
7ff08d0fa000-7ff08d1f6000 rw-p 00000000 00:00 0 
7ff08d1f6000-7ff08d1f7000 ---p 00000000 00:00 0 
7ff08d1f7000-7ff08d1fb000 ---p 00000000 00:00 0 
7ff08d1fb000-7ff08d2f7000 rw-p 00000000 00:00 0 
7ff08d2f7000-7ff08d2f8000 ---p 00000000 00:00 0 
7ff08d2f8000-7ff08d2fc000 ---p 00000000 00:00 0 
7ff08d2fc000-7ff08d3f8000 rw-p 00000000 00:00 0 
7ff08d3f8000-7ff08d3f9000 ---p 00000000 00:00 0 
7ff08d3f9000-7ff08d3fd000 ---p 00000000 00:00 0 
7ff08d3fd000-7ff08d4f9000 rw-p 00000000 00:00 0 
7ff08d4f9000-7ff08d4fa000 ---p 00000000 00:00 0 
7ff08d4fa000-7ff08d4fe000 ---p 00000000 00:00 0 
7ff08d4fe000-7ff08d5fa000 rw-p 00000000 00:00 0 
7ff08d5fa000-7ff08d5fb000 ---p 00000000 00:00 0 
7ff08d5fb000-7ff08d5ff000 ---p 00000000 00:00 0 
7ff08d5ff000-7ff08d6fb000 rw-p 00000000 00:00 0 
7ff08d6fb000-7ff08d6fc000 ---p 00000000 00:00 0 
7ff08d6fc000-7ff08d700000 ---p 00000000 00:00 0 
7ff08d700000-7ff08d7fc000 rw-p 00000000 00:00 0 
7ff08d7fc000-7ff08d7fd000 ---p 00000000 00:00 0 
7ff08d7fd000-7ff08d801000 ---p 00000000 00:00 0 
7ff08d801000-7ff08d8fd000 rw-p 00000000 00:00 0 
7ff08d8fd000-7ff08d8fe000 ---p 00000000 00:00 0 
7ff08d8fe000-7ff08d902000 ---p 00000000 00:00 0 
7ff08d902000-7ff08d9fe000 rw-p 00000000 00:00 0 
7ff08d9fe000-7ff08d9ff000 ---p 00000000 00:00 0 
7ff08d9ff000-7ff08da03000 ---p 00000000 00:00 0 
7ff08da03000-7ff08daff000 rw-p 00000000 00:00 0 
7ff08daff000-7ff08db00000 ---p 00000000 00:00 0 
7ff08db00000-7ff08db04000 ---p 00000000 00:00 0 
7ff08db04000-7ff08dc00000 rw-p 00000000 00:00 0 
7ff08dc00000-7ff08dc05000 r-xp 00000000 fe:00 269964                     /root/.gradle/native/1def1411415f61bf3af743bc5b6707747c0891f09f0c88961ee8f79bc544acac/linux-amd64/libnative-platform.so
7ff08dc05000-7ff08de05000 ---p 00005000 fe:00 269964                     /root/.gradle/native/1def1411415f61bf3af743bc5b6707747c0891f09f0c88961ee8f79bc544acac/linux-amd64/libnative-platform.so
7ff08de05000-7ff08de06000 r--p 00005000 fe:00 269964                     /root/.gradle/native/1def1411415f61bf3af743bc5b6707747c0891f09f0c88961ee8f79bc544acac/linux-amd64/libnative-platform.so
7ff08de06000-7ff08de07000 rw-p 00006000 fe:00 269964                     /root/.gradle/native/1def1411415f61bf3af743bc5b6707747c0891f09f0c88961ee8f79bc544acac/linux-amd64/libnative-platform.so
7ff08deff000-7ff08df00000 ---p 00000000 00:00 0 
7ff08df00000-7ff08df04000 ---p 00000000 00:00 0 
7ff08df04000-7ff090000000 rw-p 00000000 00:00 0 
7ff090000000-7ff090021000 rw-p 00000000 00:00 0 
7ff090021000-7ff094000000 ---p 00000000 00:00 0 
7ff094000000-7ff09403b000 rw-p 00000000 00:00 0 
7ff09403b000-7ff098000000 ---p 00000000 00:00 0 
7ff098000000-7ff098046000 rw-p 00000000 00:00 0 
7ff098046000-7ff09c000000 ---p 00000000 00:00 0 
7ff09c09f000-7ff09c0a0000 ---p 00000000 00:00 0 
7ff09c0a0000-7ff09c0a4000 ---p 00000000 00:00 0 
7ff09c0a4000-7ff09c0c2000 rw-p 00000000 00:00 0 
7ff09c0c2000-7ff09c0c3000 r--p 00000000 00:25 13802                      /usr/lib/jvm/java-17-openjdk-amd64/lib/libextnet.so
7ff09c0c3000-7ff09c0c4000 r-xp 00001000 00:25 13802                      /usr/lib/jvm/java-17-openjdk-amd64/lib/libextnet.so
7ff09c0c4000-7ff09c0c5000 r--p 00002000 00:25 13802                      /usr/lib/jvm/java-17-openjdk-amd64/lib/libextnet.so
7ff09c0c5000-7ff09c0c6000 r--p 00002000 00:25 13802                      /usr/lib/jvm/java-17-openjdk-amd64/lib/libextnet.so
7ff09c0c6000-7ff09c0c7000 rw-p 00003000 00:25 13802                      /usr/lib/jvm/java-17-openjdk-amd64/lib/libextnet.so
7ff09c0c7000-7ff09c0c9000 r--p 00000000 00:25 13821                      /usr/lib/jvm/java-17-openjdk-amd64/lib/libmanagement_ext.so
7ff09c0c9000-7ff09c0cc000 r-xp 00002000 00:25 13821                      /usr/lib/jvm/java-17-openjdk-amd64/lib/libmanagement_ext.so
7ff09c0cc000-7ff09c0cd000 r--p 00005000 00:25 13821                      /usr/lib/jvm/java-17-openjdk-amd64/lib/libmanagement_ext.so
7ff09c0cd000-7ff09c0ce000 r--p 00006000 00:25 13821                      /usr/lib/jvm/java-17-openjdk-amd64/lib/libmanagement_ext.so
7ff09c0ce000-7ff09c0cf000 rw-p 00007000 00:25 13821                      /usr/lib/jvm/java-17-openjdk-amd64/lib/libmanagement_ext.so
7ff09c0cf000-7ff09c0d0000 r--p 00000000 00:25 17896                      /usr/lib/x86_64-linux-gnu/libdl.so.2
7ff09c0d0000-7ff09c0d1000 r-xp 00001000 00:25 17896                      /usr/lib/x86_64-linux-gnu/libdl.so.2
7ff09c0d1000-7ff09c0d2000 r--p 00002000 00:25 17896                      /usr/lib/x86_64-linux-gnu/libdl.so.2
7ff09c0d2000-7ff09c0d3000 r--p 00002000 00:25 17896                      /usr/lib/x86_64-linux-gnu/libdl.so.2
7ff09c0d3000-7ff09c0d4000 rw-p 00003000 00:25 17896                      /usr/lib/x86_64-linux-gnu/libdl.so.2
7ff09c0d4000-7ff09c0d5000 r--p 00000000 00:25 18147                      /usr/lib/x86_64-linux-gnu/libpthread.so.0
7ff09c0d5000-7ff09c0d6000 r-xp 00001000 00:25 18147                      /usr/lib/x86_64-linux-gnu/libpthread.so.0
7ff09c0d6000-7ff09c0d7000 r--p 00002000 00:25 18147                      /usr/lib/x86_64-linux-gnu/libpthread.so.0
7ff09c0d7000-7ff09c0d8000 r--p 00002000 00:25 18147                      /usr/lib/x86_64-linux-gnu/libpthread.so.0
7ff09c0d8000-7ff09c0d9000 rw-p 00003000 00:25 18147                      /usr/lib/x86_64-linux-gnu/libpthread.so.0
7ff09c0d9000-7ff09c115000 r--p 00000000 fe:00 269989                     /root/.gradle/native/0.2.7/x86_64-linux-gnu/libgradle-fileevents.so
7ff09c115000-7ff09c15d000 r-xp 0003b000 fe:00 269989                     /root/.gradle/native/0.2.7/x86_64-linux-gnu/libgradle-fileevents.so
7ff09c15d000-7ff09c166000 r--p 00082000 fe:00 269989                     /root/.gradle/native/0.2.7/x86_64-linux-gnu/libgradle-fileevents.so
7ff09c166000-7ff09c167000 rw-p 0008a000 fe:00 269989                     /root/.gradle/native/0.2.7/x86_64-linux-gnu/libgradle-fileevents.so
7ff09c167000-7ff09c16a000 rw-p 00000000 00:00 0 
7ff09c16a000-7ff09c16e000 r--p 00000000 00:25 13831                      /usr/lib/jvm/java-17-openjdk-amd64/lib/libverify.so
7ff09c16e000-7ff09c175000 r-xp 00004000 00:25 13831                      /usr/lib/jvm/java-17-openjdk-amd64/lib/libverify.so
7ff09c175000-7ff09c177000 r--p 0000b000 00:25 13831                      /usr/lib/jvm/java-17-openjdk-amd64/lib/libverify.so
7ff09c177000-7ff09c179000 r--p 0000c000 00:25 13831                      /usr/lib/jvm/java-17-openjdk-amd64/lib/libverify.so
7ff09c179000-7ff09c17a000 rw-p 0000e000 00:25 13831                      /usr/lib/jvm/java-17-openjdk-amd64/lib/libverify.so
7ff09c17a000-7ff09c17b000 ---p 00000000 00:00 0 
7ff09c17b000-7ff09c27b000 rw-p 00000000 00:00 0 
7ff09c27b000-7ff09c27c000 ---p 00000000 00:00 0 
7ff09c27c000-7ff09c37c000 rw-p 00000000 00:00 0 
7ff09c37c000-7ff09c37d000 ---p 00000000 00:00 0 
7ff09c37d000-7ff09c381000 ---p 00000000 00:00 0 
7ff09c381000-7ff09c47d000 rw-p 00000000 00:00 0 
7ff09c47d000-7ff09c481000 r--p 00000000 00:25 13823                      /usr/lib/jvm/java-17-openjdk-amd64/lib/libnet.so
7ff09c481000-7ff09c48f000 r-xp 00004000 00:25 13823                      /usr/lib/jvm/java-17-openjdk-amd64/lib/libnet.so
7ff09c48f000-7ff09c493000 r--p 00012000 00:25 13823                      /usr/lib/jvm/java-17-openjdk-amd64/lib/libnet.so
7ff09c493000-7ff09c494000 r--p 00015000 00:25 13823                      /usr/lib/jvm/java-17-openjdk-amd64/lib/libnet.so
7ff09c494000-7ff09c495000 rw-p 00016000 00:25 13823                      /usr/lib/jvm/java-17-openjdk-amd64/lib/libnet.so
7ff09c495000-7ff09c496000 ---p 00000000 00:00 0 
7ff09c496000-7ff09c49a000 ---p 00000000 00:00 0 
7ff09c49a000-7ff09c596000 rw-p 00000000 00:00 0 
7ff09c596000-7ff09c597000 ---p 00000000 00:00 0 
7ff09c597000-7ff09c59b000 ---p 00000000 00:00 0 
7ff09c59b000-7ff09c697000 rw-p 00000000 00:00 0 
7ff09c697000-7ff09c698000 ---p 00000000 00:00 0 
7ff09c698000-7ff09c69c000 ---p 00000000 00:00 0 
7ff09c69c000-7ff09c798000 rw-p 00000000 00:00 0 
7ff09c798000-7ff09c799000 ---p 00000000 00:00 0 
7ff09c799000-7ff09c79d000 ---p 00000000 00:00 0 
7ff09c79d000-7ff09c899000 rw-p 00000000 00:00 0 
7ff09c899000-7ff09c89a000 ---p 00000000 00:00 0 
7ff09c89a000-7ff09c89e000 ---p 00000000 00:00 0 
7ff09c89e000-7ff09c99a000 rw-p 00000000 00:00 0 
7ff09c99a000-7ff09c99b000 ---p 00000000 00:00 0 
7ff09c99b000-7ff09c99f000 ---p 00000000 00:00 0 
7ff09c99f000-7ff09ca9b000 rw-p 00000000 00:00 0 
7ff09ca9b000-7ff09ca9c000 ---p 00000000 00:00 0 
7ff09ca9c000-7ff09caa0000 ---p 00000000 00:00 0 
7ff09caa0000-7ff09cb9c000 rw-p 00000000 00:00 0 
7ff09cb9c000-7ff09cbf3000 r--p 00000000 00:25 13882                      /usr/lib/locale/C.utf8/LC_CTYPE
7ff09cbf3000-7ff09cbf4000 ---p 00000000 00:00 0 
7ff09cbf4000-7ff09cbf8000 ---p 00000000 00:00 0 
7ff09cbf8000-7ff09ccf4000 rw-p 00000000 00:00 0 
7ff09ccf4000-7ff09ccf5000 ---p 00000000 00:00 0 
7ff09ccf5000-7ff09ccf9000 ---p 00000000 00:00 0 
7ff09ccf9000-7ff09cdf5000 rw-p 00000000 00:00 0 
7ff09cdf5000-7ff09cdf6000 ---p 00000000 00:00 0 
7ff09cdf6000-7ff09cef6000 rw-p 00000000 00:00 0 
7ff09cef6000-7ff09cefb000 r--p 00000000 00:25 13817                      /usr/lib/jvm/java-17-openjdk-amd64/lib/libjsvml.so
7ff09cefb000-7ff09cf3c000 r-xp 00005000 00:25 13817                      /usr/lib/jvm/java-17-openjdk-amd64/lib/libjsvml.so
7ff09cf3c000-7ff09cfc5000 r--p 00046000 00:25 13817                      /usr/lib/jvm/java-17-openjdk-amd64/lib/libjsvml.so
7ff09cfc5000-7ff09cfc6000 r--p 000ce000 00:25 13817                      /usr/lib/jvm/java-17-openjdk-amd64/lib/libjsvml.so
7ff09cfc6000-7ff09cfc7000 rw-p 000cf000 00:25 13817                      /usr/lib/jvm/java-17-openjdk-amd64/lib/libjsvml.so
7ff09cfc7000-7ff09d048000 rw-p 00000000 00:00 0 
7ff09d048000-7ff09d049000 ---p 00000000 00:00 0 
7ff09d049000-7ff09d149000 rw-p 00000000 00:00 0 
7ff09d149000-7ff09d14a000 ---p 00000000 00:00 0 
7ff09d14a000-7ff09d44c000 rw-p 00000000 00:00 0 
7ff09d44c000-7ff09d44d000 ---p 00000000 00:00 0 
7ff09d44d000-7ff09da0d000 rw-p 00000000 00:00 0 
7ff09da0d000-7ff09f545000 ---p 00000000 00:00 0 
7ff09f545000-7ff09fa0d000 rw-p 00000000 00:00 0 
7ff09fa0d000-7ff0a1545000 ---p 00000000 00:00 0 
7ff0a1545000-7ff0a154d000 rw-p 00000000 00:00 0 
7ff0a154d000-7ff0a26ad000 rwxp 00000000 00:00 0 
7ff0a26ad000-7ff0a8a85000 ---p 00000000 00:00 0 
7ff0a8a85000-7ff0a8d05000 rwxp 00000000 00:00 0 
7ff0a8d05000-7ff0a9014000 ---p 00000000 00:00 0 
7ff0a9014000-7ff0a9424000 rwxp 00000000 00:00 0 
7ff0a9424000-7ff0b054d000 ---p 00000000 00:00 0 
7ff0b054d000-7ff0b8000000 r--s 00000000 00:25 13833                      /usr/lib/jvm/java-17-openjdk-amd64/lib/modules
7ff0b8000000-7ff0b9422000 rw-p 00000000 00:00 0 
7ff0b9422000-7ff0bc000000 ---p 00000000 00:00 0 
7ff0bc003000-7ff0bc09f000 rw-p 00000000 00:00 0 
7ff0bc0a3000-7ff0bc0a5000 r--p 00000000 00:25 13819                      /usr/lib/jvm/java-17-openjdk-amd64/lib/libmanagement.so
7ff0bc0a5000-7ff0bc0a6000 r-xp 00002000 00:25 13819                      /usr/lib/jvm/java-17-openjdk-amd64/lib/libmanagement.so
7ff0bc0a6000-7ff0bc0a7000 r--p 00003000 00:25 13819                      /usr/lib/jvm/java-17-openjdk-amd64/lib/libmanagement.so
7ff0bc0a7000-7ff0bc0a8000 r--p 00003000 00:25 13819                      /usr/lib/jvm/java-17-openjdk-amd64/lib/libmanagement.so
7ff0bc0a8000-7ff0bc0a9000 rw-p 00004000 00:25 13819                      /usr/lib/jvm/java-17-openjdk-amd64/lib/libmanagement.so
7ff0bc0a9000-7ff0bc0af000 r--p 00000000 00:25 13824                      /usr/lib/jvm/java-17-openjdk-amd64/lib/libnio.so
7ff0bc0af000-7ff0bc0b8000 r-xp 00006000 00:25 13824                      /usr/lib/jvm/java-17-openjdk-amd64/lib/libnio.so
7ff0bc0b8000-7ff0bc0bc000 r--p 0000f000 00:25 13824                      /usr/lib/jvm/java-17-openjdk-amd64/lib/libnio.so
7ff0bc0bc000-7ff0bc0bd000 r--p 00013000 00:25 13824                      /usr/lib/jvm/java-17-openjdk-amd64/lib/libnio.so
7ff0bc0bd000-7ff0bc0be000 rw-p 00014000 00:25 13824                      /usr/lib/jvm/java-17-openjdk-amd64/lib/libnio.so
7ff0bc0be000-7ff0bc0c0000 r--p 00000000 00:25 13832                      /usr/lib/jvm/java-17-openjdk-amd64/lib/libzip.so
7ff0bc0c0000-7ff0bc0c4000 r-xp 00002000 00:25 13832                      /usr/lib/jvm/java-17-openjdk-amd64/lib/libzip.so
7ff0bc0c4000-7ff0bc0c6000 r--p 00006000 00:25 13832                      /usr/lib/jvm/java-17-openjdk-amd64/lib/libzip.so
7ff0bc0c6000-7ff0bc0c7000 r--p 00007000 00:25 13832                      /usr/lib/jvm/java-17-openjdk-amd64/lib/libzip.so
7ff0bc0c7000-7ff0bc0c8000 rw-p 00008000 00:25 13832                      /usr/lib/jvm/java-17-openjdk-amd64/lib/libzip.so
7ff0bc0c8000-7ff0bc0c9000 r--p 00000000 00:25 13888                      /usr/lib/locale/C.utf8/LC_NUMERIC
7ff0bc0c9000-7ff0bc0ca000 r--p 00000000 00:25 13891                      /usr/lib/locale/C.utf8/LC_TIME
7ff0bc0ca000-7ff0bc0cb000 r--p 00000000 00:25 13881                      /usr/lib/locale/C.utf8/LC_COLLATE
7ff0bc0cb000-7ff0bc0cc000 r--p 00000000 00:25 13886                      /usr/lib/locale/C.utf8/LC_MONETARY
7ff0bc0cc000-7ff0bc0cd000 r--p 00000000 00:25 13885                      /usr/lib/locale/C.utf8/LC_MESSAGES/SYS_LC_MESSAGES
7ff0bc0cd000-7ff0bc0ce000 r--p 00000000 00:25 13889                      /usr/lib/locale/C.utf8/LC_PAPER
7ff0bc0ce000-7ff0bc0cf000 r--p 00000000 00:25 13887                      /usr/lib/locale/C.utf8/LC_NAME
7ff0bc0cf000-7ff0bc0d6000 r--s 00000000 00:25 17572                      /usr/lib/x86_64-linux-gnu/gconv/gconv-modules.cache
7ff0bc0d6000-7ff0bc0d7000 ---p 00000000 00:00 0 
7ff0bc0d7000-7ff0bc1d7000 rw-p 00000000 00:00 0 
7ff0bc1d7000-7ff0bc1d8000 ---p 00000000 00:00 0 
7ff0bc1d8000-7ff0bc3b5000 rw-p 00000000 00:00 0 
7ff0bc3b5000-7ff0bc71c000 ---p 00000000 00:00 0 
7ff0bc71c000-7ff0bc7b5000 rw-p 00000000 00:00 0 
7ff0bc7b5000-7ff0bcb1c000 ---p 00000000 00:00 0 
7ff0bcb1c000-7ff0bcbb5000 rw-p 00000000 00:00 0 
7ff0bcbb5000-7ff0bcf1c000 ---p 00000000 00:00 0 
7ff0bcf1c000-7ff0bd128000 rw-p 00000000 00:00 0 
7ff0bd128000-7ff0bd20a000 ---p 00000000 00:00 0 
7ff0bd20a000-7ff0bd22d000 rw-p 00000000 00:00 0 
7ff0bd22d000-7ff0bd2f5000 ---p 00000000 00:00 0 
7ff0bd2f5000-7ff0bd2fa000 rw-p 00000000 00:00 0 
7ff0bd2fa000-7ff0bd301000 ---p 00000000 00:00 0 
7ff0bd301000-7ff0bd309000 rw-s 00000000 fe:00 271388                     /tmp/hsperfdata_root/3466
7ff0bd309000-7ff0bd315000 r--p 00000000 00:25 13809                      /usr/lib/jvm/java-17-openjdk-amd64/lib/libjava.so
7ff0bd315000-7ff0bd326000 r-xp 0000c000 00:25 13809                      /usr/lib/jvm/java-17-openjdk-amd64/lib/libjava.so
7ff0bd326000-7ff0bd32c000 r--p 0001d000 00:25 13809                      /usr/lib/jvm/java-17-openjdk-amd64/lib/libjava.so
7ff0bd32c000-7ff0bd32d000 r--p 00022000 00:25 13809                      /usr/lib/jvm/java-17-openjdk-amd64/lib/libjava.so
7ff0bd32d000-7ff0bd32e000 rw-p 00023000 00:25 13809                      /usr/lib/jvm/java-17-openjdk-amd64/lib/libjava.so
7ff0bd32e000-7ff0bd32f000 rw-p 00000000 00:00 0 
7ff0bd32f000-7ff0bd330000 r--p 00000000 00:25 13804                      /usr/lib/jvm/java-17-openjdk-amd64/lib/libinstrument.so
7ff0bd330000-7ff0bd336000 r-xp 00001000 00:25 13804                      /usr/lib/jvm/java-17-openjdk-amd64/lib/libinstrument.so
7ff0bd336000-7ff0bd339000 r--p 00007000 00:25 13804                      /usr/lib/jvm/java-17-openjdk-amd64/lib/libinstrument.so
7ff0bd339000-7ff0bd33a000 r--p 00009000 00:25 13804                      /usr/lib/jvm/java-17-openjdk-amd64/lib/libinstrument.so
7ff0bd33a000-7ff0bd33b000 rw-p 0000a000 00:25 13804                      /usr/lib/jvm/java-17-openjdk-amd64/lib/libinstrument.so
7ff0bd33b000-7ff0bd33d000 r--p 00000000 00:25 13813                      /usr/lib/jvm/java-17-openjdk-amd64/lib/libjimage.so
7ff0bd33d000-7ff0bd340000 r-xp 00002000 00:25 13813                      /usr/lib/jvm/java-17-openjdk-amd64/lib/libjimage.so
7ff0bd340000-7ff0bd341000 r--p 00005000 00:25 13813                      /usr/lib/jvm/java-17-openjdk-amd64/lib/libjimage.so
7ff0bd341000-7ff0bd342000 r--p 00006000 00:25 13813                      /usr/lib/jvm/java-17-openjdk-amd64/lib/libjimage.so
7ff0bd342000-7ff0bd343000 rw-p 00007000 00:25 13813                      /usr/lib/jvm/java-17-openjdk-amd64/lib/libjimage.so
7ff0bd343000-7ff0bd347000 ---p 00000000 00:00 0 
7ff0bd347000-7ff0bd443000 rw-p 00000000 00:00 0 
7ff0bd443000-7ff0bd446000 r--p 00000000 00:25 17958                      /usr/lib/x86_64-linux-gnu/libgcc_s.so.1
7ff0bd446000-7ff0bd45d000 r-xp 00003000 00:25 17958                      /usr/lib/x86_64-linux-gnu/libgcc_s.so.1
7ff0bd45d000-7ff0bd461000 r--p 0001a000 00:25 17958                      /usr/lib/x86_64-linux-gnu/libgcc_s.so.1
7ff0bd461000-7ff0bd462000 r--p 0001d000 00:25 17958                      /usr/lib/x86_64-linux-gnu/libgcc_s.so.1
7ff0bd462000-7ff0bd463000 rw-p 0001e000 00:25 17958                      /usr/lib/x86_64-linux-gnu/libgcc_s.so.1
7ff0bd463000-7ff0bd473000 r--p 00000000 00:25 18057                      /usr/lib/x86_64-linux-gnu/libm.so.6
7ff0bd473000-7ff0bd4e7000 r-xp 00010000 00:25 18057                      /usr/lib/x86_64-linux-gnu/libm.so.6
7ff0bd4e7000-7ff0bd541000 r--p 00084000 00:25 18057                      /usr/lib/x86_64-linux-gnu/libm.so.6
7ff0bd541000-7ff0bd542000 r--p 000dd000 00:25 18057                      /usr/lib/x86_64-linux-gnu/libm.so.6
7ff0bd542000-7ff0bd543000 rw-p 000de000 00:25 18057                      /usr/lib/x86_64-linux-gnu/libm.so.6
7ff0bd543000-7ff0bd5dc000 r--p 00000000 00:25 18224                      /usr/lib/x86_64-linux-gnu/libstdc++.so.6.0.30
7ff0bd5dc000-7ff0bd6dd000 r-xp 00099000 00:25 18224                      /usr/lib/x86_64-linux-gnu/libstdc++.so.6.0.30
7ff0bd6dd000-7ff0bd74c000 r--p 0019a000 00:25 18224                      /usr/lib/x86_64-linux-gnu/libstdc++.so.6.0.30
7ff0bd74c000-7ff0bd757000 r--p 00209000 00:25 18224                      /usr/lib/x86_64-linux-gnu/libstdc++.so.6.0.30
7ff0bd757000-7ff0bd75a000 rw-p 00214000 00:25 18224                      /usr/lib/x86_64-linux-gnu/libstdc++.so.6.0.30
7ff0bd75a000-7ff0bd75d000 rw-p 00000000 00:00 0 
7ff0bd75d000-7ff0bd9ae000 r--p 00000000 00:25 13845                      /usr/lib/jvm/java-17-openjdk-amd64/lib/server/libjvm.so
7ff0bd9ae000-7ff0be700000 r-xp 00251000 00:25 13845                      /usr/lib/jvm/java-17-openjdk-amd64/lib/server/libjvm.so
7ff0be700000-7ff0be981000 r--p 00fa3000 00:25 13845                      /usr/lib/jvm/java-17-openjdk-amd64/lib/server/libjvm.so
7ff0be981000-7ff0bea39000 r--p 01224000 00:25 13845                      /usr/lib/jvm/java-17-openjdk-amd64/lib/server/libjvm.so
7ff0bea39000-7ff0bea6e000 rw-p 012dc000 00:25 13845                      /usr/lib/jvm/java-17-openjdk-amd64/lib/server/libjvm.so
7ff0bea6e000-7ff0beaca000 rw-p 00000000 00:00 0 
7ff0beaca000-7ff0beaf0000 r--p 00000000 00:25 17847                      /usr/lib/x86_64-linux-gnu/libc.so.6
7ff0beaf0000-7ff0bec46000 r-xp 00026000 00:25 17847                      /usr/lib/x86_64-linux-gnu/libc.so.6
7ff0bec46000-7ff0bec99000 r--p 0017c000 00:25 17847                      /usr/lib/x86_64-linux-gnu/libc.so.6
7ff0bec99000-7ff0bec9d000 r--p 001cf000 00:25 17847                      /usr/lib/x86_64-linux-gnu/libc.so.6
7ff0bec9d000-7ff0bec9f000 rw-p 001d3000 00:25 17847                      /usr/lib/x86_64-linux-gnu/libc.so.6
7ff0bec9f000-7ff0becac000 rw-p 00000000 00:00 0 
7ff0becac000-7ff0becae000 r--p 00000000 00:25 13814                      /usr/lib/jvm/java-17-openjdk-amd64/lib/libjli.so
7ff0becae000-7ff0becb7000 r-xp 00002000 00:25 13814                      /usr/lib/jvm/java-17-openjdk-amd64/lib/libjli.so
7ff0becb7000-7ff0becba000 r--p 0000b000 00:25 13814                      /usr/lib/jvm/java-17-openjdk-amd64/lib/libjli.so
7ff0becba000-7ff0becbb000 r--p 0000d000 00:25 13814                      /usr/lib/jvm/java-17-openjdk-amd64/lib/libjli.so
7ff0becbb000-7ff0becbc000 rw-p 0000e000 00:25 13814                      /usr/lib/jvm/java-17-openjdk-amd64/lib/libjli.so
7ff0becbc000-7ff0becbf000 r--p 00000000 00:25 1006                       /usr/lib/x86_64-linux-gnu/libz.so.1.2.13
7ff0becbf000-7ff0becd2000 r-xp 00003000 00:25 1006                       /usr/lib/x86_64-linux-gnu/libz.so.1.2.13
7ff0becd2000-7ff0becd9000 r--p 00016000 00:25 1006                       /usr/lib/x86_64-linux-gnu/libz.so.1.2.13
7ff0becd9000-7ff0becda000 r--p 0001c000 00:25 1006                       /usr/lib/x86_64-linux-gnu/libz.so.1.2.13
7ff0becda000-7ff0becdb000 rw-p 0001d000 00:25 1006                       /usr/lib/x86_64-linux-gnu/libz.so.1.2.13
7ff0becdb000-7ff0becdc000 r--p 00000000 00:25 13880                      /usr/lib/locale/C.utf8/LC_ADDRESS
7ff0becdc000-7ff0becdd000 r--p 00000000 00:25 13890                      /usr/lib/locale/C.utf8/LC_TELEPHONE
7ff0becdd000-7ff0becde000 r--p 00000000 00:25 13884                      /usr/lib/locale/C.utf8/LC_MEASUREMENT
7ff0becde000-7ff0becdf000 r--p 00000000 00:25 13883                      /usr/lib/locale/C.utf8/LC_IDENTIFICATION
7ff0becdf000-7ff0bece0000 ---p 00000000 00:00 0 
7ff0bece0000-7ff0bece1000 r--p 00000000 00:00 0 
7ff0bece1000-7ff0bece2000 ---p 00000000 00:00 0 
7ff0bece2000-7ff0bece4000 rw-p 00000000 00:00 0 
7ff0bece4000-7ff0bece5000 r--p 00000000 00:25 17633                      /usr/lib/x86_64-linux-gnu/ld-linux-x86-64.so.2
7ff0bece5000-7ff0bed0b000 r-xp 00001000 00:25 17633                      /usr/lib/x86_64-linux-gnu/ld-linux-x86-64.so.2
7ff0bed0b000-7ff0bed15000 r--p 00027000 00:25 17633                      /usr/lib/x86_64-linux-gnu/ld-linux-x86-64.so.2
7ff0bed15000-7ff0bed17000 r--p 00031000 00:25 17633                      /usr/lib/x86_64-linux-gnu/ld-linux-x86-64.so.2
7ff0bed17000-7ff0bed19000 rw-p 00033000 00:25 17633                      /usr/lib/x86_64-linux-gnu/ld-linux-x86-64.so.2
7ffe80697000-7ffe806b8000 rw-p 00000000 00:00 0                          [stack]
7ffe80754000-7ffe80757000 r--p 00000000 00:00 0                          [vvar]
7ffe80757000-7ffe80759000 r-xp 00000000 00:00 0                          [vdso]
ffffffffff600000-ffffffffff601000 r-xp 00000000 00:00 0                  [vsyscall]


VM Arguments:
jvm_args: --add-opens=java.base/java.lang=ALL-UNNAMED --add-opens=java.base/java.lang.invoke=ALL-UNNAMED --add-opens=java.base/java.util=ALL-UNNAMED --add-opens=java.prefs/java.util.prefs=ALL-UNNAMED --add-exports=jdk.compiler/com.sun.tools.javac.api=ALL-UNNAMED --add-exports=jdk.compiler/com.sun.tools.javac.util=ALL-UNNAMED --add-opens=java.base/java.util=ALL-UNNAMED --add-opens=java.prefs/java.util.prefs=ALL-UNNAMED --add-opens=java.base/java.nio.charset=ALL-UNNAMED --add-opens=java.base/java.net=ALL-UNNAMED --add-opens=java.base/java.util.concurrent.atomic=ALL-UNNAMED --add-opens=java.xml/javax.xml.namespace=ALL-UNNAMED -Xmx2048m -Dfile.encoding=UTF-8 -Duser.country -Duser.language=en -Duser.variant -javaagent:/root/.gradle/wrapper/dists/gradle-8.13-all/54h0s9kvb6g2sinako7ub77ku/gradle-8.13/lib/agents/gradle-instrumentation-agent-8.13.jar 
java_command: org.gradle.launcher.daemon.bootstrap.GradleDaemon 8.13
java_class_path (initial): /root/.gradle/wrapper/dists/gradle-8.13-all/54h0s9kvb6g2sinako7ub77ku/gradle-8.13/lib/gradle-daemon-main-8.13.jar
Launcher Type: SUN_STANDARD

[Global flags]
     intx CICompilerCount                          = 2                                         {product} {ergonomic}
     uint ConcGCThreads                            = 1                                         {product} {ergonomic}
     uint G1ConcRefinementThreads                  = 2                                         {product} {ergonomic}
   size_t G1HeapRegionSize                         = 1048576                                   {product} {ergonomic}
    uintx GCDrainStackTargetSize                   = 64                                        {product} {ergonomic}
   size_t InitialHeapSize                          = 33554432                                  {product} {ergonomic}
   size_t MarkStackSize                            = 4194304                                   {product} {ergonomic}
   size_t MaxHeapSize                              = 2147483648                                {product} {command line}
   size_t MaxNewSize                               = 1287651328                                {product} {ergonomic}
   size_t MinHeapDeltaBytes                        = 1048576                                   {product} {ergonomic}
   size_t MinHeapSize                              = 8388608                                   {product} {ergonomic}
    uintx NonNMethodCodeHeapSize                   = 5826188                                {pd product} {ergonomic}
    uintx NonProfiledCodeHeapSize                  = 122916026                              {pd product} {ergonomic}
    uintx ProfiledCodeHeapSize                     = 122916026                              {pd product} {ergonomic}
    uintx ReservedCodeCacheSize                    = 251658240                              {pd product} {ergonomic}
     bool SegmentedCodeCache                       = true                                      {product} {ergonomic}
   size_t SoftMaxHeapSize                          = 2147483648                             {manageable} {ergonomic}
     bool UseCompressedClassPointers               = true                           {product lp64_product} {ergonomic}
     bool UseCompressedOops                        = true                           {product lp64_product} {ergonomic}
     bool UseG1GC                                  = true                                      {product} {ergonomic}

Logging:
Log output configuration:
 #0: stdout all=warning uptime,level,tags
 #1: stderr all=off uptime,level,tags

Environment Variables:
PATH=/usr/local/sbin:/usr/local/bin:/usr/sbin:/usr/bin:/sbin:/bin
SHELL=/bin/bash
LANG=C.UTF-8
LC_ALL=C.UTF-8
TERM=tmux-256color

Active Locale:
LC_ALL=C.UTF-8
LC_COLLATE=C.UTF-8
LC_CTYPE=C.UTF-8
LC_MESSAGES=C.UTF-8
LC_MONETARY=C.UTF-8
LC_NUMERIC=C.UTF-8
LC_TIME=C.UTF-8

Signal Handlers:
   SIGSEGV: crash_handler in libjvm.so, mask=11100100010111111101111111111110, flags=SA_RESTART|SA_SIGINFO, unblocked
    SIGBUS: crash_handler in libjvm.so, mask=11100100010111111101111111111110, flags=SA_RESTART|SA_SIGINFO, unblocked
    SIGFPE: crash_handler in libjvm.so, mask=11100100010111111101111111111110, flags=SA_RESTART|SA_SIGINFO, unblocked
   SIGPIPE: javaSignalHandler in libjvm.so, mask=11100100010111111101111111111110, flags=SA_RESTART|SA_SIGINFO, unblocked
   SIGXFSZ: javaSignalHandler in libjvm.so, mask=11100100010111111101111111111110, flags=SA_RESTART|SA_SIGINFO, unblocked
    SIGILL: crash_handler in libjvm.so, mask=11100100010111111101111111111110, flags=SA_RESTART|SA_SIGINFO, unblocked
   SIGUSR2: SR_handler in libjvm.so, mask=00100000000000000000000000000000, flags=SA_RESTART|SA_SIGINFO, unblocked
    SIGHUP: UserHandler in libjvm.so, mask=11100100010111111101111111111110, flags=SA_RESTART|SA_SIGINFO, unblocked
    SIGINT: UserHandler in libjvm.so, mask=11100100010111111101111111111110, flags=SA_RESTART|SA_SIGINFO, unblocked
   SIGTERM: UserHandler in libjvm.so, mask=11100100010111111101111111111110, flags=SA_RESTART|SA_SIGINFO, unblocked
   SIGQUIT: UserHandler in libjvm.so, mask=11100100010111111101111111111110, flags=SA_RESTART|SA_SIGINFO, unblocked
   SIGTRAP: crash_handler in libjvm.so, mask=11100100010111111101111111111110, flags=SA_RESTART|SA_SIGINFO, unblocked


Periodic native trim disabled


---------------  S Y S T E M  ---------------

OS:
PRETTY_NAME="Debian GNU/Linux 12 (bookworm)"
NAME="Debian GNU/Linux"
VERSION_ID="12"
VERSION="12 (bookworm)"
VERSION_CODENAME=bookworm
ID=debian
HOME_URL="https://www.debian.org/"
SUPPORT_URL="https://www.debian.org/support"
BUG_REPORT_URL="https://bugs.debian.org/"
uname: Linux 4.19.91-c8dfc93.al7.x86_64 #1 SMP Tue Sep 26 10:25:51 UTC 2023 x86_64
OS uptime: 0 days 0:50 hours
libc: glibc 2.36 NPTL 2.36 
rlimit (soft/hard): STACK 8192k/infinity , CORE 0k/0k , NPROC 100000/100000 , NOFILE 100000/100000 , AS infinity/infinity , CPU infinity/infinity , DATA infinity/infinity , FSIZE infinity/infinity , MEMLOCK 64k/64k
load average: 1.72 0.49 0.26

/proc/meminfo:
MemTotal:        2152516 kB
MemFree:           30728 kB
MemAvailable:     298984 kB
Buffers:           13264 kB
Cached:           297536 kB
SwapCached:            0 kB
Active:          1864868 kB
Inactive:         155792 kB
Active(anon):    1709948 kB
Inactive(anon):       16 kB
Active(file):     154920 kB
Inactive(file):   155776 kB
Unevictable:           0 kB
Mlocked:               0 kB
SwapTotal:             0 kB
SwapFree:              0 kB
Dirty:               476 kB
Writeback:             0 kB
AnonPages:       1709948 kB
Mapped:            29376 kB
Shmem:                32 kB
Slab:              51416 kB
SReclaimable:      38352 kB
SUnreclaim:        13064 kB
KernelStack:        3072 kB
PageTables:         5180 kB
NFS_Unstable:          0 kB
Bounce:                0 kB
WritebackTmp:          0 kB
CommitLimit:     1076256 kB
Committed_AS:    1974808 kB
VmallocTotal:   34359738367 kB
VmallocUsed:           0 kB
VmallocChunk:          0 kB
Percpu:              384 kB
AnonHugePages:    276480 kB
ShmemHugePages:        0 kB
ShmemPmdMapped:        0 kB
HugePages_Total:       0
HugePages_Free:        0
HugePages_Rsvd:        0
HugePages_Surp:        0
Hugepagesize:       2048 kB
Hugetlb:               0 kB
DirectMap4k:        8192 kB
DirectMap2M:     2523136 kB
DirectMap1G:           0 kB

/sys/kernel/mm/transparent_hugepage/enabled: [always] madvise never
/sys/kernel/mm/transparent_hugepage/hpage_pmd_size: 2097152
/sys/kernel/mm/transparent_hugepage/defrag (defrag/compaction efforts parameter): always defer defer+madvise madvise [never]

Process Memory:
Virtual Size: 4270124K (peak: 4847660K)
Resident Set Size: 546156K (peak: 546156K) (anon: 522052K, file: 24104K, shmem: 0K)
Swapped out: 0K
C-Heap outstanding allocations: 84405K, retained: 30410K
glibc malloc tunables: (default)

/proc/sys/kernel/threads-max (system-wide limit on the number of threads): 1129
/proc/sys/vm/max_map_count (maximum number of memory map areas a process may have): 65530
/proc/sys/vm/swappiness (control to define how aggressively the kernel swaps out anonymous memory): 60
/proc/sys/kernel/pid_max (system-wide limit on number of process identifiers): 32768

container (cgroup) information:
container_type: cgroupv1
cpu_cpuset_cpus: 0-1
cpu_memory_nodes: 0
active_processor_count: 2
cpu_quota: no quota
cpu_period: 100000
cpu_shares: 12288
memory_limit_in_bytes: 2097152 k
memory_and_swap_limit_in_bytes: unlimited
memory_soft_limit_in_bytes: unlimited
memory_usage_in_bytes: 2059436 k
memory_max_usage_in_bytes: 2062580 k
kernel_memory_limit_in_bytes: unlimited
kernel_memory_usage_in_bytes: 46640 k
kernel_memory_max_usage_in_bytes: 133336 k
maximum number of tasks: unlimited
current number of tasks: 117

KVM virtualization detected
Steal ticks since vm start: 2808
Steal ticks percentage since vm start:  0.462

CPU: total 2 (initial active 2) (2 cores per cpu, 1 threads per core) family 6 model 85 stepping 7 microcode 0x1, cx8, cmov, fxsr, mmx, 3dnowpref, sse, sse2, sse3, ssse3, sse4.1, sse4.2, popcnt, lzcnt, tsc, tscinvbit, avx, avx2, aes, erms, clmul, bmi1, bmi2, adx, avx512f, avx512dq, avx512cd, avx512bw, avx512vl, fma, vzeroupper, avx512_vnni, clflush, clflushopt, clwb, hv
CPU Model and flags from /proc/cpuinfo:
model name	: Intel(R) Xeon(R) Processor @ 2.50GHz
flags		: fpu vme de pse tsc msr pae mce cx8 apic sep mtrr pge mca cmov pat pse36 clflush mmx fxsr sse sse2 ss ht syscall nx pdpe1gb rdtscp lm constant_tsc rep_good nopl xtopology nonstop_tsc cpuid tsc_known_freq pni pclmulqdq ssse3 fma cx16 pcid sse4_1 sse4_2 x2apic movbe popcnt tsc_deadline_timer aes xsave avx f16c rdrand hypervisor lahf_lm abm 3dnowprefetch cpuid_fault invpcid_single ssbd ibrs ibpb stibp ibrs_enhanced fsgsbase tsc_adjust bmi1 avx2 smep bmi2 erms invpcid mpx avx512f avx512dq rdseed adx smap clflushopt clwb avx512cd avx512bw avx512vl xsaveopt xsavec xgetbv1 xsaves umip avx512_vnni md_clear arch_capabilities

Online cpus: 0-1
Offline cpus: 
BIOS frequency limitation: <Not Available>
Frequency switch latency (ns): <Not Available>
Available cpu frequencies: <Not Available>
Current governor: <Not Available>
Core performance/turbo boost: <Not Available>

Memory: 4k page, physical 2097152k(37716k free), swap 0k(0k free)
Page Sizes: 4k

vm_info: OpenJDK 64-Bit Server VM (17.0.16+8-Debian-1deb12u1) for linux-amd64 JRE (17.0.16+8-Debian-1deb12u1), built on Aug 11 2025 10:28:33 by "buildd" with gcc 12.2.0

END.
